"id:ID","name","collect","enabled","uri","uuid"
"130","Test","False","True","https://bc.d4k.dk/bc_instance/inclusion_criteria/test","105a4a26-0ced-4a30-b141-5ed7705b10a5"
"131","Date Time","True","True","https://bc.d4k.dk/bc_instance/inclusion_criteria/date_time","fb382be7-172c-441d-a284-ad2d123081f8"
"132","Result","True","True","https://bc.d4k.dk/bc_instance/inclusion_criteria/result","dc77abf6-8457-4933-83ec-f59334be7d7f"
"133","Test","False","True","https://bc.d4k.dk/bc_instance/exclusion_criteria/test","ae1f27f2-3d76-4ac5-9b9a-9041ae5a349e"
"134","Date Time","True","True","https://bc.d4k.dk/bc_instance/exclusion_criteria/date_time","baef1265-2c4e-4732-922c-a188b39b5fe0"
"135","Result","True","True","https://bc.d4k.dk/bc_instance/exclusion_criteria/result","05b0eb77-9d2f-417f-8a74-7081b3ddf0bc"
"136","Drug Exposure","False","True","https://bc.d4k.dk/bc_instance/concomitant_medication/drug_exposure","9acbbea2-7b71-456c-8de9-f04223b1b5b0"
"137","Intervention","True","True","https://bc.d4k.dk/bc_instance/concomitant_medication/intervention","3d29c603-6674-436b-ac21-8a7a9af23915"
"138","Start Date Time","True","True","https://bc.d4k.dk/bc_instance/concomitant_medication/start_date_time","e2a8529f-6f85-4228-b38a-e16a256105f7"
"139","End Date Time","True","True","https://bc.d4k.dk/bc_instance/concomitant_medication/end_date_time","421f6d62-2594-4d3d-a823-b26c83e070c2"
"140","Result","True","True","https://bc.d4k.dk/bc_instance/concomitant_medication/result","3906fb4c-0aa9-4318-a0c0-aaacd314510d"
"141","Drug Exposure","False","True","https://bc.d4k.dk/bc_instance/exposure/drug_exposure","16f66512-3cba-4983-b4bc-9e1855e0c5e5"
"142","Intervention","True","True","https://bc.d4k.dk/bc_instance/exposure/intervention","deed6d40-93c1-4ba9-b642-530e76560cfe"
"143","Start Date Time","True","True","https://bc.d4k.dk/bc_instance/exposure/start_date_time","067c12d0-8d20-48fc-891e-9576f7c57a4f"
"144","End Date Time","True","True","https://bc.d4k.dk/bc_instance/exposure/end_date_time","e03ab185-b212-4f90-8456-798bf276ef35"
"145","Event Type","False","True","https://bc.d4k.dk/bc_instance/adverse_event/event_type","39bc5bbd-54c2-497a-9b16-dd91e8516b17"
"146","Event","True","True","https://bc.d4k.dk/bc_instance/adverse_event/event","d4b9a93f-0f90-4d07-a6e7-b9711621e00c"
"147","Serious Event","True","True","https://bc.d4k.dk/bc_instance/adverse_event/serious_event","4fd73f84-6a17-4e36-9674-e8d3ab0d23ff"
"148","Severity","True","True","https://bc.d4k.dk/bc_instance/adverse_event/severity","05e6d380-0898-4c5e-bac7-5e88ee78d98e"
"149","Causality","True","True","https://bc.d4k.dk/bc_instance/adverse_event/causality","afead267-13c5-4097-9984-6e807659fb92"
"150","Relationship to Non-Study Treatment","True","True","https://bc.d4k.dk/bc_instance/adverse_event/relationship_to_non-study_treatment","a8021940-8e82-4b23-9c7a-80c3dd93ebf2"
"151","Action taken","True","True","https://bc.d4k.dk/bc_instance/adverse_event/action_taken","0560c72a-6403-40b3-88de-0e46d4396ff2"
"152","Other Action Taken","True","True","https://bc.d4k.dk/bc_instance/adverse_event/other_action_taken","c8a8636e-a97c-4438-88f6-36e7f6f1bb7a"
"153","Concomitant or Additional Treatment Given","True","True","https://bc.d4k.dk/bc_instance/adverse_event/concomitant_or_additional_treatment_given","307bc64b-38b5-41d2-abbc-b2a410059528"
"154","Outcome","True","True","https://bc.d4k.dk/bc_instance/adverse_event/outcome","f4bf25c6-fa52-4443-ac1d-490feed3bb51"
"155","Pattern of Event","True","True","https://bc.d4k.dk/bc_instance/adverse_event/pattern_of_event","204d51ff-c019-45b8-8bed-0db23e84d989"
"156","Hospitalization Required","True","True","https://bc.d4k.dk/bc_instance/adverse_event/hospitalization_required","33ece6b3-aac2-4f32-a49c-919a6f562a40"
"157","Is Life Threatening","True","True","https://bc.d4k.dk/bc_instance/adverse_event/is_life_threatening","f58717f1-77d5-4c8e-89ec-655aa67a7c83"
"158","Occurred with Overdose","True","True","https://bc.d4k.dk/bc_instance/adverse_event/occurred_with_overdose","871fb49b-20d9-4a93-afeb-a5013978ebf6"
"159","Other Medically Important Serious Event","True","True","https://bc.d4k.dk/bc_instance/adverse_event/other_medically_important_serious_event","29debbe4-2eae-4cbe-ab0c-cbefd78fd98e"
"160","Involves Cancer","True","True","https://bc.d4k.dk/bc_instance/adverse_event/involves_cancer","ebb0042b-be73-44c1-944e-e7df08b3bf2c"
"161","Results in Death","True","True","https://bc.d4k.dk/bc_instance/adverse_event/results_in_death","40995474-d01e-4b63-8c7b-d9843d45440e"
"162","Standard Toxicity Grade","True","True","https://bc.d4k.dk/bc_instance/adverse_event/standard_toxicity_grade","d94a02c9-d545-477b-9886-16993d979d41"
"163","Start Date Time","True","True","https://bc.d4k.dk/bc_instance/adverse_event/start_date_time","878264b1-82d9-463b-a083-a9bebbb7fe9e"
"164","End Date Time","True","True","https://bc.d4k.dk/bc_instance/adverse_event/end_date_time","61a22fe8-f6ad-4979-ad5d-32f4fca80fd1"
"165","Location of Event","True","True","https://bc.d4k.dk/bc_instance/adverse_event/location_of_event","e6d45dc4-10f7-42e6-97f0-396aeaf93b56"
"166","Congenital Anomaly or Birth Defect","True","True","https://bc.d4k.dk/bc_instance/adverse_event/congenital_anomaly_or_birth_defect","9d181f97-c75b-42c2-a171-bbe48e2cc679"
"167","Persist or Significant Disability/Incapacity","True","True","https://bc.d4k.dk/bc_instance/adverse_event/persist_or_significant_disability/incapacity","a049f383-a443-448b-9b82-7452af928dbf"
"168","Test","False","True","https://bc.d4k.dk/bc_instance/glucose/test","ab31dd15-4d99-43ea-b0ef-4fa23f106424"
"169","Specimen","True","True","https://bc.d4k.dk/bc_instance/glucose/specimen","d8101707-92d1-49b5-98e0-f613ac6c42ac"
"170","Result","True","True","https://bc.d4k.dk/bc_instance/glucose/result","b3b70427-b4ce-4371-b4a8-4f4d85200309"
"171","Date Time","True","True","https://bc.d4k.dk/bc_instance/glucose/date_time","5eb3ac5b-8505-48fb-ac22-2d18310cf1f3"
"172","Test","False","True","https://bc.d4k.dk/bc_instance/glucose_in_blood/test","2b41f07e-6215-4ce1-9646-36427c761546"
"173","Specimen","True","True","https://bc.d4k.dk/bc_instance/glucose_in_blood/specimen","ee8c6616-5929-4209-8518-ff97069102cd"
"174","Result","True","True","https://bc.d4k.dk/bc_instance/glucose_in_blood/result","da69d9eb-4f1c-4481-ae70-d6b3c2be1a92"
"175","Date Time","True","True","https://bc.d4k.dk/bc_instance/glucose_in_blood/date_time","f14ffcd4-7190-4bcc-b430-e83b4498381b"
"176","Test","False","True","https://bc.d4k.dk/bc_instance/glucose_in_serum/test","b5913752-6276-42cd-9dd3-ce9d57ccd6c1"
"177","Specimen","True","True","https://bc.d4k.dk/bc_instance/glucose_in_serum/specimen","7d0f520a-b219-4380-b591-8767920306d5"
"178","Result","True","True","https://bc.d4k.dk/bc_instance/glucose_in_serum/result","065ad3c7-a09e-4512-ac06-b6a72df36c07"
"179","Date Time","True","True","https://bc.d4k.dk/bc_instance/glucose_in_serum/date_time","c4e96d12-5ad9-4feb-9c6d-7c2e7aa7584a"
"180","Test","False","True","https://bc.d4k.dk/bc_instance/glucose_in_urine/test","982c2388-575e-4a76-a00e-9e67ca4f1a09"
"181","Specimen","True","True","https://bc.d4k.dk/bc_instance/glucose_in_urine/specimen","feb9cb76-cd3f-4516-b1ad-54c79d8ed09f"
"182","Result","True","True","https://bc.d4k.dk/bc_instance/glucose_in_urine/result","7f778a5b-d0e4-47c4-aba7-70d1dc056315"
"183","Date Time","True","True","https://bc.d4k.dk/bc_instance/glucose_in_urine/date_time","0dc14660-982d-4b07-ad76-076d80e1a79c"
"184","Test","False","True","https://bc.d4k.dk/bc_instance/hematocrit/test","794997b1-44c0-4560-9d42-96eb2c556fae"
"185","Specimen","True","True","https://bc.d4k.dk/bc_instance/hematocrit/specimen","8f956364-3505-4ffa-b025-484a32a45c1d"
"186","Result","True","True","https://bc.d4k.dk/bc_instance/hematocrit/result","981c7f11-2e20-40e3-bf80-095827534400"
"187","Date Time","True","True","https://bc.d4k.dk/bc_instance/hematocrit/date_time","b08ec14b-2d80-42c2-a35a-5ddc69b84062"
"188","Test","False","True","https://bc.d4k.dk/bc_instance/race/test","0cf29dfc-1f15-42cc-83f2-be06eb525c87"
"189","Date Time","True","True","https://bc.d4k.dk/bc_instance/race/date_time","d1439a4b-6c99-431c-bec4-397e5a93d9d7"
"190","Result","True","True","https://bc.d4k.dk/bc_instance/race/result","9a99386d-e340-42a0-80fb-2d3e09852287"
"191","Result Other","True","True","https://bc.d4k.dk/bc_instance/race/result_other","6c936e10-8aa6-489d-b0b7-26b9f20264ca"
"192","Test","False","True","https://bc.d4k.dk/bc_instance/sex/test","fa81fb4e-b5fe-472d-927a-4eb7f2ee6db0"
"193","Date Time","True","True","https://bc.d4k.dk/bc_instance/sex/date_time","a107311c-7c8e-4b08-a08d-64b51fdd6b17"
"194","Result","True","True","https://bc.d4k.dk/bc_instance/sex/result","33d9c455-068c-4457-8599-2a01d55e6580"
"195","Test","False","True","https://bc.d4k.dk/bc_instance/age/test","9d8e2e93-78cb-479a-8add-5db287e291a9"
"196","Date Time","True","True","https://bc.d4k.dk/bc_instance/age/date_time","26bd03d0-b323-4975-b123-495cc7958ecc"
"197","Result","True","True","https://bc.d4k.dk/bc_instance/age/result","e459ef5f-fba8-4494-ba5d-80b7af880f6c"
"198","Test","False","True","https://bc.d4k.dk/bc_instance/ethnicity/test","9ad3f81e-b054-4e66-8219-e7c59aed58ee"
"199","Date Time","True","True","https://bc.d4k.dk/bc_instance/ethnicity/date_time","a340d17e-e050-48da-b6bf-4acf4e0084b9"
"200","Result","True","True","https://bc.d4k.dk/bc_instance/ethnicity/result","6a22aa03-e89f-4fd6-9dab-6dfb718faa3e"
"201","Test","False","True","https://bc.d4k.dk/bc_instance/date_of_birth/test","c07d73fe-3960-407d-bf74-71d60cf4e23d"
"202","Date Time","True","True","https://bc.d4k.dk/bc_instance/date_of_birth/date_time","080e857d-86e3-4f4f-80ac-a45a88e56b02"
"203","Result","True","True","https://bc.d4k.dk/bc_instance/date_of_birth/result","862b1726-5f53-420b-852a-cc623276bb1d"
"204","Test","False","True","https://bc.d4k.dk/bc_instance/enrollment_date/test","0cb5eaba-ede9-4336-aa96-7626ccc5d43c"
"205","Date Time","True","True","https://bc.d4k.dk/bc_instance/enrollment_date/date_time","831f76e0-0274-4e19-a3e8-94a8d80ed3d8"
"206","Result","True","True","https://bc.d4k.dk/bc_instance/enrollment_date/result","d0a217d8-1a7a-469e-80b9-c64d38973d3a"
"207","Test","False","True","https://bc.d4k.dk/bc_instance/neck_circumference/test","e0a3f24d-8cfb-4df0-a840-fcec6df57970"
"208","Date Time","True","True","https://bc.d4k.dk/bc_instance/neck_circumference/date_time","dcf694d5-462d-4d7f-a792-69b11dcd31bd"
"209","Result","True","True","https://bc.d4k.dk/bc_instance/neck_circumference/result","09011dc7-3a6b-455b-9e12-bbc7353e9066"
"210","Test","False","True","https://bc.d4k.dk/bc_instance/diastolic_blood_pressure/test","dba89dd6-efdc-4b5d-9668-4da5ede4da87"
"211","Date Time","True","True","https://bc.d4k.dk/bc_instance/diastolic_blood_pressure/date_time","fe411202-3986-4dc9-8f8a-3a9a59452656"
"212","Position","True","True","https://bc.d4k.dk/bc_instance/diastolic_blood_pressure/position","941a8bed-c43b-4e34-bb94-6cb248df5023"
"213","Site of Administration","False","True","https://bc.d4k.dk/bc_instance/diastolic_blood_pressure/site_of_administration","b3ae96f0-07ce-4d1a-9f17-dc574000583b"
"214","Laterality","True","True","https://bc.d4k.dk/bc_instance/diastolic_blood_pressure/laterality","0ff19025-a133-4856-973e-f1646c945f2a"
"215","Result","True","True","https://bc.d4k.dk/bc_instance/diastolic_blood_pressure/result","3c856cbf-c31f-4e24-8f3c-473e317792e0"
"216","Test","False","True","https://bc.d4k.dk/bc_instance/systolic_blood_pressure/test","4e0bb36b-36ef-4ccc-8279-bf1b11e6ed9b"
"217","Date Time","True","True","https://bc.d4k.dk/bc_instance/systolic_blood_pressure/date_time","931d60b1-de8f-477d-b87a-2fa4a72e4563"
"218","Position","True","True","https://bc.d4k.dk/bc_instance/systolic_blood_pressure/position","78d2a0ef-be7a-4ad1-b330-ceb652425ba7"
"219","Site of Administration","False","True","https://bc.d4k.dk/bc_instance/systolic_blood_pressure/site_of_administration","e3cbfdbd-b097-4ef8-b7e6-620dc3615553"
"220","Laterality","True","True","https://bc.d4k.dk/bc_instance/systolic_blood_pressure/laterality","e54c84fb-4e02-4347-9ea2-57a0053bc038"
"221","Result","True","True","https://bc.d4k.dk/bc_instance/systolic_blood_pressure/result","7d8e9dda-0cd6-4aae-9af0-a1b6e007b2d7"
"222","Test","False","True","https://bc.d4k.dk/bc_instance/peripheral_body_temperature/test","82acbd86-8212-458d-97d3-3a0a1004aeae"
"223","Date Time","True","True","https://bc.d4k.dk/bc_instance/peripheral_body_temperature/date_time","68c67c95-7370-4b78-83e1-b3f8d1243631"
"224","Position","True","True","https://bc.d4k.dk/bc_instance/peripheral_body_temperature/position","26e6f52f-c914-4851-85cb-1d43ae117d86"
"225","Site of Administration","False","True","https://bc.d4k.dk/bc_instance/peripheral_body_temperature/site_of_administration","0c9716fc-8227-4b20-a605-84665ebb347a"
"226","Laterality","True","True","https://bc.d4k.dk/bc_instance/peripheral_body_temperature/laterality","b125d73f-9220-485d-bbec-b4baab48cbee"
"227","Result","True","True","https://bc.d4k.dk/bc_instance/peripheral_body_temperature/result","9452fba1-0871-40d9-a5de-8f9aa9695610"
"228","Test","False","True","https://bc.d4k.dk/bc_instance/fraction_of_inspired_oxygen/test","8b8657ac-6860-4152-b91f-9daa6f0025ea"
"229","Date Time","True","True","https://bc.d4k.dk/bc_instance/fraction_of_inspired_oxygen/date_time","ae1caf5e-8d86-4168-8377-701c60a63966"
"230","Result","True","True","https://bc.d4k.dk/bc_instance/fraction_of_inspired_oxygen/result","92add48c-e0b0-4071-95c3-853d7114496a"
"231","Test","False","True","https://bc.d4k.dk/bc_instance/weight/test","7da3df11-b1cd-4cce-8139-14472adb8093"
"232","Date Time","True","True","https://bc.d4k.dk/bc_instance/weight/date_time","beaac715-556d-4369-85dc-7c47985c3e34"
"233","Result","True","True","https://bc.d4k.dk/bc_instance/weight/result","a20353d9-869c-4952-9f47-7e0c1f5a1f0e"
"234","Test","False","True","https://bc.d4k.dk/bc_instance/fetal_mandibular_length/test","8300686d-7791-4ab6-b10f-34ae0ddebdba"
"235","Date Time","True","True","https://bc.d4k.dk/bc_instance/fetal_mandibular_length/date_time","5bdbcc32-1dd3-4163-a54c-fd0256274bb7"
"236","Result","True","True","https://bc.d4k.dk/bc_instance/fetal_mandibular_length/result","def80051-8bad-486e-90df-af97a544b874"
"237","Test","False","True","https://bc.d4k.dk/bc_instance/height/test","e5d47f97-224c-4bf2-8d39-31625dcdd50b"
"238","Date Time","True","True","https://bc.d4k.dk/bc_instance/height/date_time","06442f37-2aac-45cc-bec4-475e497c0b4f"
"239","Result","True","True","https://bc.d4k.dk/bc_instance/height/result","71ce1cfb-c8e4-4793-b591-ba13c0e9b2bb"
"240","Test","False","True","https://bc.d4k.dk/bc_instance/total_body_length/test","dc5c20d4-80e2-4ac7-820c-1cc0c58839c7"
"241","Date Time","True","True","https://bc.d4k.dk/bc_instance/total_body_length/date_time","9946a6aa-9d5c-45ca-bcb9-f3f139c42248"
"242","Result","True","True","https://bc.d4k.dk/bc_instance/total_body_length/result","939a55c5-4bfb-497e-9de0-633a771105a0"
"243","Test","False","True","https://bc.d4k.dk/bc_instance/heart_rate/test","d8a36abf-728c-478e-ab90-d52b4f410ca2"
"244","Position","True","True","https://bc.d4k.dk/bc_instance/heart_rate/position","8e47207f-998f-4f2f-835d-3b470f55075d"
"245","Site of Administration","False","True","https://bc.d4k.dk/bc_instance/heart_rate/site_of_administration","3a0d20cf-42b7-43e2-b142-d769db2e1d09"
"246","Laterality","True","True","https://bc.d4k.dk/bc_instance/heart_rate/laterality","a7df506f-a575-4011-bd1e-ee4640e85f44"
"247","Result","True","True","https://bc.d4k.dk/bc_instance/heart_rate/result","4440dda6-ef50-4afa-9517-c66e5dd3550b"
"248","Test","False","True","https://bc.d4k.dk/bc_instance/oxygen_saturation/fraction_inspired_o2/test","4b7b4ae7-9889-4e67-8ff7-331448dd3d42"
"249","Date Time","True","True","https://bc.d4k.dk/bc_instance/oxygen_saturation/fraction_inspired_o2/date_time","8b5938a7-d760-4611-a290-6c96ae47ec8f"
"250","Result","True","True","https://bc.d4k.dk/bc_instance/oxygen_saturation/fraction_inspired_o2/result","03e209a8-817a-4da8-b9b5-a00dfc76c55e"
"251","Test","False","True","https://bc.d4k.dk/bc_instance/forearm_circumference/test","9d6c1555-b9d7-4cae-8ea5-d3c05eee19da"
"252","Date Time","True","True","https://bc.d4k.dk/bc_instance/forearm_circumference/date_time","0b897a29-b345-40cd-8a07-6819570da49b"
"253","Result","True","True","https://bc.d4k.dk/bc_instance/forearm_circumference/result","e2ce10ba-d061-4f94-888d-8dcd0c090a73"
"254","Test","False","True","https://bc.d4k.dk/bc_instance/basal_metabolic_rate/test","c11557a9-1687-44b3-b228-5b53b2ecb56c"
"255","Date Time","True","True","https://bc.d4k.dk/bc_instance/basal_metabolic_rate/date_time","8623a668-5b0b-4dc9-b085-a31e6fa7aebf"
"256","Result","True","True","https://bc.d4k.dk/bc_instance/basal_metabolic_rate/result","454ca558-6788-4a93-a690-90ed9796f1a2"
"257","Test","False","True","https://bc.d4k.dk/bc_instance/maximum_predicted_heart_rate/test","810ff642-7196-4fac-8562-dac5f2725f6c"
"258","Position","True","True","https://bc.d4k.dk/bc_instance/maximum_predicted_heart_rate/position","ab2696d4-0834-46ec-be98-93f2773f0bd5"
"259","Result","True","True","https://bc.d4k.dk/bc_instance/maximum_predicted_heart_rate/result","eb17e90b-bd31-4004-813a-0590b3133bfe"
"260","Test","False","True","https://bc.d4k.dk/bc_instance/pulse_rate/test","d69848a2-ebc7-40b9-86e5-266d88462019"
"261","Position","True","True","https://bc.d4k.dk/bc_instance/pulse_rate/position","10404a62-3520-44f9-9d6c-40c02f155b5c"
"262","Result","True","True","https://bc.d4k.dk/bc_instance/pulse_rate/result","e694491b-068b-40e2-92ef-c39eadea86a6"
"263","Test","False","True","https://bc.d4k.dk/bc_instance/abdominal_skinfold_thickness/test","63b356a7-d0df-422f-96b2-ab90fcb183aa"
"264","Date Time","True","True","https://bc.d4k.dk/bc_instance/abdominal_skinfold_thickness/date_time","5169ec62-93c7-4811-82aa-4d5a87f84b9c"
"265","Result","True","True","https://bc.d4k.dk/bc_instance/abdominal_skinfold_thickness/result","df1cfc2b-1135-4e28-833d-5817920f55fa"
"266","Test","False","True","https://bc.d4k.dk/bc_instance/body_surface_area/test","d1cc2e2c-a90e-477c-813f-6f06f0115b16"
"267","Date Time","True","True","https://bc.d4k.dk/bc_instance/body_surface_area/date_time","0943fff1-d100-4570-b5dd-626a960506ed"
"268","Result","True","True","https://bc.d4k.dk/bc_instance/body_surface_area/result","ea7f1bf4-a450-454c-a7e1-40f59bef5c51"
"269","Test","False","True","https://bc.d4k.dk/bc_instance/respiratory_rate/test","e29be03d-0cb1-46e6-8d3a-7793f918ace2"
"270","Date Time","True","True","https://bc.d4k.dk/bc_instance/respiratory_rate/date_time","a19f407d-e04e-4075-944a-9dcc794acf3c"
"271","Result","True","True","https://bc.d4k.dk/bc_instance/respiratory_rate/result","5c51fe25-0e41-4c3f-bd99-46b3fcd76a59"
"272","Test","False","True","https://bc.d4k.dk/bc_instance/total_body_water_measurement/test","90a7d1b5-62be-4391-a878-62a15df7d65d"
"273","Date Time","True","True","https://bc.d4k.dk/bc_instance/total_body_water_measurement/date_time","1bafc39e-3186-4452-be8c-5f6cf2c8287b"
"274","Result","True","True","https://bc.d4k.dk/bc_instance/total_body_water_measurement/result","11818d66-acf6-4055-adaa-e1553f4cbb4c"
"275","Test","False","True","https://bc.d4k.dk/bc_instance/fetal_heart_rate/test","b623e3f1-47dc-4f95-989b-84565fac5ce3"
"276","Date Time","True","True","https://bc.d4k.dk/bc_instance/fetal_heart_rate/date_time","5561df35-5e42-4f5d-a392-6ddb1a19c6d1"
"277","Result","True","True","https://bc.d4k.dk/bc_instance/fetal_heart_rate/result","91f344f2-6ef4-4787-a6d4-b1bf30f58be9"
"278","Test","False","True","https://bc.d4k.dk/bc_instance/ideal_body_weight/test","694ee96d-714b-461f-876a-85ecc8af89c7"
"279","Date Time","True","True","https://bc.d4k.dk/bc_instance/ideal_body_weight/date_time","bba22457-efcf-4ab1-acde-89776ffbf295"
"280","Result","True","True","https://bc.d4k.dk/bc_instance/ideal_body_weight/result","bd69cce4-2846-426f-9309-8c8040833e7b"
"281","Test","False","True","https://bc.d4k.dk/bc_instance/bmi/test","946d8cac-40b3-4ded-95f7-d9d669db54b6"
"282","Date Time","True","True","https://bc.d4k.dk/bc_instance/bmi/date_time","9943c683-5755-4bee-aa36-65924681a21d"
"283","Result","True","True","https://bc.d4k.dk/bc_instance/bmi/result","5f2cd819-76f9-4f82-8932-7afaf1994a28"
"284","Test","False","True","https://bc.d4k.dk/bc_instance/fetal_estimated_weight/test","01211cf6-101b-4dc2-8552-5ac84e586a41"
"285","Date Time","True","True","https://bc.d4k.dk/bc_instance/fetal_estimated_weight/date_time","07a2b2d3-1e0e-4049-ace7-577535ea1422"
"286","Result","True","True","https://bc.d4k.dk/bc_instance/fetal_estimated_weight/result","ecf91234-9a39-4a3d-8d36-30eff8bec8d3"
"287","Test","False","True","https://bc.d4k.dk/bc_instance/lean_body_mass/test","ddfb5fcb-4ee2-4823-8e4f-8c4294ab0796"
"288","Date Time","True","True","https://bc.d4k.dk/bc_instance/lean_body_mass/date_time","26918bff-3126-4a49-af1f-8b7148abf0fd"
"289","Result","True","True","https://bc.d4k.dk/bc_instance/lean_body_mass/result","8f4629e5-43f5-464b-9727-36f631b182e6"
"290","Test","False","True","https://bc.d4k.dk/bc_instance/triceps_skinfold_thicknesss/test","86287075-7a5a-4485-9237-c53075712488"
"291","Date Time","True","True","https://bc.d4k.dk/bc_instance/triceps_skinfold_thicknesss/date_time","57650cce-7dcc-4f58-bbf3-27a7ac98d922"
"292","Result","True","True","https://bc.d4k.dk/bc_instance/triceps_skinfold_thicknesss/result","f68a975b-476e-4304-8f0d-612e7e5a5500"
"293","Test","False","True","https://bc.d4k.dk/bc_instance/mandibular_length/test","29d6ca3a-5acd-4379-8e3d-91c5029497dc"
"294","Date Time","True","True","https://bc.d4k.dk/bc_instance/mandibular_length/date_time","bc444f2a-3e04-43bf-a325-54e151100889"
"295","Result","True","True","https://bc.d4k.dk/bc_instance/mandibular_length/result","ebf4ec51-dd46-4fa6-9b85-c17d1741c29e"
"296","Test","False","True","https://bc.d4k.dk/bc_instance/energy_expenditure/test","c68e79cc-1697-45fa-bae2-f5ca194bd455"
"297","Date Time","True","True","https://bc.d4k.dk/bc_instance/energy_expenditure/date_time","f962fce9-a8b3-45a9-9542-2edfac9fa60a"
"298","Result","True","True","https://bc.d4k.dk/bc_instance/energy_expenditure/result","7751ddfa-b71a-47f6-b12c-c7c3a65c09e4"
"299","Test","False","True","https://bc.d4k.dk/bc_instance/sagittal_abdominal_diameter/test","b0bc3c34-d531-4874-834b-2d214ba1c7a0"
"300","Date Time","True","True","https://bc.d4k.dk/bc_instance/sagittal_abdominal_diameter/date_time","aa54bb44-edcb-4c2b-b1b3-a088e36a4e1d"
"301","Result","True","True","https://bc.d4k.dk/bc_instance/sagittal_abdominal_diameter/result","dcc8f534-af4c-4025-b724-a8d300c7c94f"
"302","Test","False","True","https://bc.d4k.dk/bc_instance/head_circumference/test","a5c7bb26-d25b-4cd3-9d69-4bdf37eb4c06"
"303","Date Time","True","True","https://bc.d4k.dk/bc_instance/head_circumference/date_time","30c81b6a-32a9-420e-b707-11e233b7e4c2"
"304","Result","True","True","https://bc.d4k.dk/bc_instance/head_circumference/result","ebee16c5-38df-4889-aa9f-53b0d6a74454"
"305","Test","False","True","https://bc.d4k.dk/bc_instance/mid-upper_arm_circumference/test","4931455c-9c15-43a6-be7d-7950705342d0"
"306","Date Time","True","True","https://bc.d4k.dk/bc_instance/mid-upper_arm_circumference/date_time","f53544c6-e10d-4a06-866a-03a2d7d091b9"
"307","Result","True","True","https://bc.d4k.dk/bc_instance/mid-upper_arm_circumference/result","704f8267-8d98-48eb-b221-8f3157289d5e"
"308","Test","False","True","https://bc.d4k.dk/bc_instance/fetal_sagittal_abdominal_diameter/test","4df8e816-3a78-4918-9d90-a34296a6fdb0"
"309","Date Time","True","True","https://bc.d4k.dk/bc_instance/fetal_sagittal_abdominal_diameter/date_time","662c1d98-6483-4bff-894f-b4835913af37"
"310","Result","True","True","https://bc.d4k.dk/bc_instance/fetal_sagittal_abdominal_diameter/result","957562e9-22ee-48f9-a002-72eb528fecaf"
"311","Test","False","True","https://bc.d4k.dk/bc_instance/ulnar_length/test","334cc21e-3fc6-446f-8099-fdee90547a3c"
"312","Date Time","True","True","https://bc.d4k.dk/bc_instance/ulnar_length/date_time","e1b9d5ad-a8f1-4115-9102-3b384ba9f581"
"313","Result","True","True","https://bc.d4k.dk/bc_instance/ulnar_length/result","d36d4801-740b-417e-9845-aa4780efe874"
"314","Test","False","True","https://bc.d4k.dk/bc_instance/temperature/test","0fd25ceb-61e2-4342-bc5a-053ae30ef9c3"
"315","Date Time","True","True","https://bc.d4k.dk/bc_instance/temperature/date_time","d4720732-849c-44f0-8849-21ec143974e4"
"316","Position","True","True","https://bc.d4k.dk/bc_instance/temperature/position","c2b20beb-26ef-4dcb-a547-5c77575b394e"
"317","Site of Administration","False","True","https://bc.d4k.dk/bc_instance/temperature/site_of_administration","f12aa357-faec-4a83-8ea1-4f802e899013"
"318","Laterality","True","True","https://bc.d4k.dk/bc_instance/temperature/laterality","ee5a963a-65a4-45db-901c-e897ad89232f"
"319","Result","True","True","https://bc.d4k.dk/bc_instance/temperature/result","29e0f0e8-707f-4c24-bdec-100d7909a646"
"320","Test","False","True","https://bc.d4k.dk/bc_instance/pulse_pressure/test","216eb63d-ed81-407c-8baa-e377a1407751"
"321","Position","True","True","https://bc.d4k.dk/bc_instance/pulse_pressure/position","bb699840-c237-4eae-b732-5fa6b0d5459e"
"322","Result","True","True","https://bc.d4k.dk/bc_instance/pulse_pressure/result","381d4566-3ddc-4d13-9cf1-556acd1d47ff"
"323","Test","False","True","https://bc.d4k.dk/bc_instance/fetal_head_circumference/test","a3808b3d-30f9-4125-8694-f55941d2459c"
"324","Date Time","True","True","https://bc.d4k.dk/bc_instance/fetal_head_circumference/date_time","ec671926-bc37-4014-82c0-aa92cfe6296b"
"325","Result","True","True","https://bc.d4k.dk/bc_instance/fetal_head_circumference/result","00c16dda-4390-47e9-8d20-df185fc738d2"
"326","Test","False","True","https://bc.d4k.dk/bc_instance/body_fat_measurement/test","b2432445-d1f2-4eb3-bd81-60bd63e6eb33"
"327","Date Time","True","True","https://bc.d4k.dk/bc_instance/body_fat_measurement/date_time","b6f69fea-45e4-4f28-a0c1-60a2f000c6ad"
"328","Result","True","True","https://bc.d4k.dk/bc_instance/body_fat_measurement/result","c9575cdd-6f14-44a0-b75c-02ebbfe1554d"
"329","Test","False","True","https://bc.d4k.dk/bc_instance/mean_arterial_pressure/test","a044eec8-3d4c-4468-a283-db06ef79f49d"
"330","Result","True","True","https://bc.d4k.dk/bc_instance/mean_arterial_pressure/result","01596ade-20a5-4281-baa4-086502f73da2"
"331","Test","False","True","https://bc.d4k.dk/bc_instance/oxygen_saturation/test","a3589d88-3878-47f0-9f69-b1ee8d34f871"
"332","Date Time","True","True","https://bc.d4k.dk/bc_instance/oxygen_saturation/date_time","9eb4dbcc-bcb5-468f-ba08-1dfdc8f2a8a3"
"333","Result","True","True","https://bc.d4k.dk/bc_instance/oxygen_saturation/result","6726d282-bb8d-47d3-93c7-30ee318cb934"
"334","Test","False","True","https://bc.d4k.dk/bc_instance/knee_to_heel_length_measurement/test","18ef36c0-5c41-4528-a81e-f090dc030fa3"
"335","Date Time","True","True","https://bc.d4k.dk/bc_instance/knee_to_heel_length_measurement/date_time","4c53dc59-0b3d-47be-a6d8-9848148ec50d"
"336","Result","True","True","https://bc.d4k.dk/bc_instance/knee_to_heel_length_measurement/result","4a8b59c9-62f1-45b6-ad8a-e84cfee70fb7"
"337","Test","False","True","https://bc.d4k.dk/bc_instance/estimated_body_weight/test","26696f1b-df12-452e-8dbc-a6e9494849b9"
"338","Date Time","True","True","https://bc.d4k.dk/bc_instance/estimated_body_weight/date_time","6bfa5d63-348b-4158-a421-68f66e4fe170"
"339","Result","True","True","https://bc.d4k.dk/bc_instance/estimated_body_weight/result","1de58c24-7d0f-48a2-af69-2608dffef720"
"340","Test","False","True","https://bc.d4k.dk/bc_instance/hip_circumference/test","da6ecdb3-8b01-4582-9f03-bff89e1cda70"
"341","Date Time","True","True","https://bc.d4k.dk/bc_instance/hip_circumference/date_time","bf07969a-b98c-4982-994d-51a74f161421"
"342","Result","True","True","https://bc.d4k.dk/bc_instance/hip_circumference/result","5b0ee2b0-b663-42b4-a696-21bc70256f6a"
"343","Test","False","True","https://bc.d4k.dk/bc_instance/core_body_temperature/test","d9d959f2-3d9d-4814-8737-b4086820e77b"
"344","Date Time","True","True","https://bc.d4k.dk/bc_instance/core_body_temperature/date_time","0538d516-682c-496f-af6a-c38d61a1a056"
"345","Position","True","True","https://bc.d4k.dk/bc_instance/core_body_temperature/position","d75e0482-e738-46cb-abb9-aa88005dd7c1"
"346","Site of Administration","False","True","https://bc.d4k.dk/bc_instance/core_body_temperature/site_of_administration","9fcc8c82-4eb4-4984-bb62-2d8ead4fbc6c"
"347","Laterality","True","True","https://bc.d4k.dk/bc_instance/core_body_temperature/laterality","ee7c3ff3-32fa-4dc3-837f-cc251a846a3a"
"348","Result","True","True","https://bc.d4k.dk/bc_instance/core_body_temperature/result","1f7ad5d2-9b15-4d5c-b8d4-c3196566db87"
"349","Test","False","True","https://bc.d4k.dk/bc_instance/waist_circumference/test","3e3bc38b-174a-477f-9bc8-915d6fb2473a"
"350","Date Time","True","True","https://bc.d4k.dk/bc_instance/waist_circumference/date_time","8c099a7b-2922-4e6b-8499-b25546364baf"
"351","Result","True","True","https://bc.d4k.dk/bc_instance/waist_circumference/result","76774eda-842c-4c38-a2d3-e7b006252d90"
"352","Test","False","True","https://bc.d4k.dk/bc_instance/waist-hip_ratio/test","5493497c-0d98-43e0-b169-8487e77ee42c"
"353","Date Time","True","True","https://bc.d4k.dk/bc_instance/waist-hip_ratio/date_time","0dde6c1a-c4bb-4393-93ab-8c6c2f938706"
"354","Result","True","True","https://bc.d4k.dk/bc_instance/waist-hip_ratio/result","c14d5d41-638d-4ce9-817d-6240e868b3ad"
"355","Test","False","True","https://bc.d4k.dk/bc_instance/body_frame_size/test","492dfdab-6639-4f71-a928-947da3a67e82"
"356","Result","True","True","https://bc.d4k.dk/bc_instance/body_frame_size/result","95cb55b3-e6b1-4588-9abc-70fd1073c01d"
"357","Test","False","True","https://bc.d4k.dk/bc_instance/chest_circumference/test","84dac3bf-4ca1-47d8-8f7e-bf0b0e77629d"
"358","Date Time","True","True","https://bc.d4k.dk/bc_instance/chest_circumference/date_time","d9d1d397-a201-4ec0-a0b8-e07e9c05e88f"
"359","Result","True","True","https://bc.d4k.dk/bc_instance/chest_circumference/result","23e81b04-16a5-4511-92db-1490bb43d75a"
"360","Test","False","True","https://bc.d4k.dk/bc_instance/subscapular_skinfold_thickness/test","58f27acd-03eb-4d78-ac53-e9411f039afb"
"361","Date Time","True","True","https://bc.d4k.dk/bc_instance/subscapular_skinfold_thickness/date_time","31f98fed-2b9f-4339-a43e-8ef13c36f132"
"362","Result","True","True","https://bc.d4k.dk/bc_instance/subscapular_skinfold_thickness/result","cb1cb36e-327b-4e42-bf8c-44d0c13d9450"
"363","Test","True","True","https://bc.d4k.dk/bc_instance/electrocardiogram_interpretation/test","91729690-7d05-4b88-85e5-8de45488d583"
"364","Date Time","True","True","https://bc.d4k.dk/bc_instance/electrocardiogram_interpretation/date_time","841e2a2b-23cc-43b7-8282-6d1885da6045"
"365","Result","True","True","https://bc.d4k.dk/bc_instance/electrocardiogram_interpretation/result","c2140822-fe85-49a0-a18b-2d1209df9673"
"366","Test","False","True","https://bc.d4k.dk/bc_instance/plasmodium/test","82315d0d-d426-4fea-9722-3df9c6a2344c"
"367","Result","True","True","https://bc.d4k.dk/bc_instance/plasmodium/result","e61c29ad-c9b5-410a-9fbf-6d98ca56ca7c"
"368","Date Time","True","True","https://bc.d4k.dk/bc_instance/plasmodium/date_time","0cf766db-0197-4f6c-97da-a4b28876de52"
"369","Test","False","True","https://bc.d4k.dk/bc_instance/plasmodium_vivax,_asexual/test","a7df695d-0da8-4bc9-b345-7b4fd24e780a"
"370","Result","True","True","https://bc.d4k.dk/bc_instance/plasmodium_vivax,_asexual/result","9f1975b1-a66c-4db0-b67c-23e02083ed1b"
"371","Date Time","True","True","https://bc.d4k.dk/bc_instance/plasmodium_vivax,_asexual/date_time","99c2f0c1-3464-4175-842b-691db15cde28"
"372","Test","False","True","https://bc.d4k.dk/bc_instance/plasmodium_vivax,_sexual/test","36b1d43a-4615-44f4-8084-b8e2add148e4"
"373","Result","True","True","https://bc.d4k.dk/bc_instance/plasmodium_vivax,_sexual/result","892d0ccc-ea06-42f7-8bfe-e779c440efd3"
"374","Date Time","True","True","https://bc.d4k.dk/bc_instance/plasmodium_vivax,_sexual/date_time","e1dffcce-d581-4d2d-8680-2dda880843c2"
"375","Test","False","True","https://bc.d4k.dk/bc_instance/plasmodium_flciparum,_asexual/test","6330768e-f309-4cc0-a7bd-c1bae29032ce"
"376","Result","True","True","https://bc.d4k.dk/bc_instance/plasmodium_flciparum,_asexual/result","f2189128-7985-48ab-81c2-0dbe1b611cb6"
"377","Date Time","True","True","https://bc.d4k.dk/bc_instance/plasmodium_flciparum,_asexual/date_time","3b849aa9-7048-430c-9621-fbd2add6acc9"
"378","Event Type","False","True","https://bc.d4k.dk/bc_instance/medical_history/event_type","4bceb44a-c10b-43ab-9b9b-d10ae84ba5e0"
"379","Event","True","True","https://bc.d4k.dk/bc_instance/medical_history/event","607a1acb-2aeb-405c-a9d8-2c8eac746ce3"
"380","Result","True","True","https://bc.d4k.dk/bc_instance/medical_history/result","d76c1b31-995a-4642-90c0-837c5b4f4fa7"
"381","Start Date Time","True","True","https://bc.d4k.dk/bc_instance/medical_history/start_date_time","927a64c4-e7d0-4223-b847-56fccc0f594f"
"382","End Date Time","True","True","https://bc.d4k.dk/bc_instance/medical_history/end_date_time","8d79e22f-b645-45f3-b51c-94b7cf3045a6"
"383","Event Type","False","True","https://bc.d4k.dk/bc_instance/pregnant/event_type","e9f16a1e-acf9-4a84-b0d1-97d34a44bbc5"
"384","Event","False","True","https://bc.d4k.dk/bc_instance/pregnant/event","c8fd52fc-df1c-4004-861d-2a12dbb20b8f"
"385","Result","True","True","https://bc.d4k.dk/bc_instance/pregnant/result","e1a006a5-b4d9-4ec9-ae57-3260535a10b7"
"386","Test","False","True","https://bc.d4k.dk/bc_instance/liver_size/test","219f8f18-ed0c-4120-9da6-cede062f8402"
"387","Method","True","True","https://bc.d4k.dk/bc_instance/liver_size/method","37f6d0fd-4d96-4153-a02d-7248e2f8e0fb"
"388","Location","True","True","https://bc.d4k.dk/bc_instance/liver_size/location","98f9ac63-d00f-4f51-b398-49e56591ffa5"
"389","Result","True","True","https://bc.d4k.dk/bc_instance/liver_size/result","1ffa8f17-e0f0-435e-ad4b-ed1b450ef956"
"390","Test","False","True","https://bc.d4k.dk/bc_instance/spleen_size/test","e6f4727c-09ea-4682-af80-78b3bd17cd41"
"391","Method","True","True","https://bc.d4k.dk/bc_instance/spleen_size/method","ea63521b-3c02-414f-a215-74d71aa78f5d"
"392","Location","True","True","https://bc.d4k.dk/bc_instance/spleen_size/location","fe6216c7-c926-429d-8952-4ba9fd707f94"
"393","Result","True","True","https://bc.d4k.dk/bc_instance/spleen_size/result","10ff51f5-492f-4d56-a072-cfaa5a9c4440"
