"id:ID","name","uri","crm_uri","uuid"
"347","code","https://bc.d4k.dk/cdisc/bc_instance/potassium_concentration_in_serum/plasma/test/coding/code","https://crm.d4k.dk/dataset/observation/test/coding/code","1e1ab9ac-6627-4c77-b36a-214b7a6c4ffe"
"348","user selected","https://bc.d4k.dk/cdisc/bc_instance/potassium_concentration_in_serum/plasma/test/coding/user_selected","https://crm.d4k.dk/dataset/observation/test/coding/user_selected","c9e0060e-4864-4868-9843-434b03bde78a"
"349","version","https://bc.d4k.dk/cdisc/bc_instance/potassium_concentration_in_serum/plasma/test/coding/version","https://crm.d4k.dk/dataset/observation/test/coding/version","16cd6d69-ece9-49c1-b191-648d2943cd99"
"350","system","https://bc.d4k.dk/cdisc/bc_instance/potassium_concentration_in_serum/plasma/test/coding/system","https://crm.d4k.dk/dataset/observation/test/coding/system","5ac46494-d650-441b-b9a6-92d1e3c026d4"
"351","display","https://bc.d4k.dk/cdisc/bc_instance/potassium_concentration_in_serum/plasma/test/coding/display","https://crm.d4k.dk/dataset/observation/test/coding/display","c33c64d6-034d-4185-afe5-a46ca4718ae5"
"352","value","https://bc.d4k.dk/cdisc/bc_instance/potassium_concentration_in_serum/plasma/result/quantity/value","","150d994d-22e0-4fa5-8894-329ee6683bec"
"353","code","https://bc.d4k.dk/cdisc/bc_instance/potassium_concentration_in_serum/plasma/result/quantity/code","","08aae56b-0b5c-4d06-9883-bee19e5dc33c"
"354","unit","https://bc.d4k.dk/cdisc/bc_instance/potassium_concentration_in_serum/plasma/result/quantity/unit","","9f85618c-d9a1-45d6-8535-6b4e1ff3248f"
"355","system","https://bc.d4k.dk/cdisc/bc_instance/potassium_concentration_in_serum/plasma/result/quantity/system","","caaa35b3-8a28-4ed1-9005-8df03c873444"
"356","comparator","https://bc.d4k.dk/cdisc/bc_instance/potassium_concentration_in_serum/plasma/result/quantity/comparator","","16b364dc-7583-43c1-b661-1304021c456c"
"357","code","https://bc.d4k.dk/cdisc/bc_instance/potassium_concentration_in_serum/plasma/specimen/coding/code","","2790772a-bb91-4809-bb3b-e3ff9963075c"
"358","user selected","https://bc.d4k.dk/cdisc/bc_instance/potassium_concentration_in_serum/plasma/specimen/coding/user_selected","","79c1d5ff-0cad-4e21-84d3-57748ecaa6cd"
"359","version","https://bc.d4k.dk/cdisc/bc_instance/potassium_concentration_in_serum/plasma/specimen/coding/version","","b41a91d9-ce64-4b7a-bc93-e5cb0e672d06"
"360","system","https://bc.d4k.dk/cdisc/bc_instance/potassium_concentration_in_serum/plasma/specimen/coding/system","","e0051c3e-de88-414b-84df-fe4a497b313b"
"361","display","https://bc.d4k.dk/cdisc/bc_instance/potassium_concentration_in_serum/plasma/specimen/coding/display","","7b658a88-f767-43f5-b0b4-b365dc701d56"
"362","code","https://bc.d4k.dk/cdisc/bc_instance/diastolic_blood_pressure/test/coding/code","https://crm.d4k.dk/dataset/observation/test/coding/code","e8831315-1373-4a6e-b02b-da732c6c2dde"
"363","user selected","https://bc.d4k.dk/cdisc/bc_instance/diastolic_blood_pressure/test/coding/user_selected","https://crm.d4k.dk/dataset/observation/test/coding/user_selected","c44e0a8b-d147-48f5-9bd2-3d262ac80e6a"
"364","version","https://bc.d4k.dk/cdisc/bc_instance/diastolic_blood_pressure/test/coding/version","https://crm.d4k.dk/dataset/observation/test/coding/version","2e082880-0fd6-4176-bff6-cb3da28cf56f"
"365","system","https://bc.d4k.dk/cdisc/bc_instance/diastolic_blood_pressure/test/coding/system","https://crm.d4k.dk/dataset/observation/test/coding/system","6bc9bb94-716b-4ae6-9018-5b630f503601"
"366","display","https://bc.d4k.dk/cdisc/bc_instance/diastolic_blood_pressure/test/coding/display","https://crm.d4k.dk/dataset/observation/test/coding/display","904c74e9-f7ff-4b04-9455-acfd1f3adbfb"
"367","value","https://bc.d4k.dk/cdisc/bc_instance/diastolic_blood_pressure/result/quantity/value","https://crm.d4k.dk/dataset/observation/observation_result/result/quantity/value","e74d12ed-2448-496f-bb0a-2efa27d05b75"
"368","code","https://bc.d4k.dk/cdisc/bc_instance/diastolic_blood_pressure/result/quantity/code","https://crm.d4k.dk/dataset/observation/observation_result/result/quantity/code","118af2e9-0d5d-41ab-962c-8b6c60066096"
"369","unit","https://bc.d4k.dk/cdisc/bc_instance/diastolic_blood_pressure/result/quantity/unit","https://crm.d4k.dk/dataset/observation/observation_result/result/quantity/unit","608625e3-a502-4ee9-9d2b-bdb2a39fbc52"
"370","system","https://bc.d4k.dk/cdisc/bc_instance/diastolic_blood_pressure/result/quantity/system","https://crm.d4k.dk/dataset/observation/observation_result/result/quantity/system","def0ac9d-659d-42e3-88e2-bf9abc885ffa"
"371","comparator","https://bc.d4k.dk/cdisc/bc_instance/diastolic_blood_pressure/result/quantity/comparator","https://crm.d4k.dk/dataset/observation/observation_result/result/quantity/comparator","bcf202a4-e9c9-4fc1-a638-537dc61f7788"
"372","code","https://bc.d4k.dk/cdisc/bc_instance/diastolic_blood_pressure/position/coding/code","","5483f802-3815-455d-a202-4b515dbb9986"
"373","user selected","https://bc.d4k.dk/cdisc/bc_instance/diastolic_blood_pressure/position/coding/user_selected","","fa2e4e2e-56d1-48a0-8c1f-e832dcd46119"
"374","version","https://bc.d4k.dk/cdisc/bc_instance/diastolic_blood_pressure/position/coding/version","","92c09b7a-b54b-413a-9b50-d9bca550661a"
"375","system","https://bc.d4k.dk/cdisc/bc_instance/diastolic_blood_pressure/position/coding/system","","d51c970a-e929-4f9a-b3d7-45cfbb1cb553"
"376","display","https://bc.d4k.dk/cdisc/bc_instance/diastolic_blood_pressure/position/coding/display","","9b0ef51f-3869-4dee-bd12-257aa2ced241"
"377","code","https://bc.d4k.dk/cdisc/bc_instance/diastolic_blood_pressure/site_of_administration/coding/code","","bc7c038c-1d7e-4a22-b90c-5bca1651e68e"
"378","user selected","https://bc.d4k.dk/cdisc/bc_instance/diastolic_blood_pressure/site_of_administration/coding/user_selected","","ed5f8159-a07a-4b8c-8c6b-30ada896b213"
"379","version","https://bc.d4k.dk/cdisc/bc_instance/diastolic_blood_pressure/site_of_administration/coding/version","","6779708d-26ca-4ad9-9b18-71c86bd22680"
"380","system","https://bc.d4k.dk/cdisc/bc_instance/diastolic_blood_pressure/site_of_administration/coding/system","","c752ad58-e6aa-4f66-a4b0-d169f0eeb4d7"
"381","display","https://bc.d4k.dk/cdisc/bc_instance/diastolic_blood_pressure/site_of_administration/coding/display","","3771c155-1c68-4ea0-8e2a-7fcbd4bbc0fd"
"382","code","https://bc.d4k.dk/cdisc/bc_instance/diastolic_blood_pressure/laterality/coding/code","https://crm.d4k.dk/dataset/common/location/laterality/coding/code","921015fd-abb3-4bc0-81e5-99c228223754"
"383","user selected","https://bc.d4k.dk/cdisc/bc_instance/diastolic_blood_pressure/laterality/coding/user_selected","https://crm.d4k.dk/dataset/common/location/laterality/coding/user_selected","ef35af77-4ae2-42a6-9f4a-069582b0c0a2"
"384","version","https://bc.d4k.dk/cdisc/bc_instance/diastolic_blood_pressure/laterality/coding/version","https://crm.d4k.dk/dataset/common/location/laterality/coding/version","99515aad-bb26-4aa3-855c-9a6f3030f337"
"385","system","https://bc.d4k.dk/cdisc/bc_instance/diastolic_blood_pressure/laterality/coding/system","https://crm.d4k.dk/dataset/common/location/laterality/coding/system","fb7d8ab2-6ad2-46cd-85cc-11860bb8c134"
"386","display","https://bc.d4k.dk/cdisc/bc_instance/diastolic_blood_pressure/laterality/coding/display","https://crm.d4k.dk/dataset/common/location/laterality/coding/display","6657e004-ce19-4f31-8609-55044007ef80"
"387","code","https://bc.d4k.dk/cdisc/bc_instance/sodium_concentration_in_urine/test/coding/code","https://crm.d4k.dk/dataset/observation/test/coding/code","b91243ea-1fff-4348-959b-40535b741aab"
"388","user selected","https://bc.d4k.dk/cdisc/bc_instance/sodium_concentration_in_urine/test/coding/user_selected","https://crm.d4k.dk/dataset/observation/test/coding/user_selected","048e47eb-da11-4ef4-9860-6ca0cd04afcc"
"389","version","https://bc.d4k.dk/cdisc/bc_instance/sodium_concentration_in_urine/test/coding/version","https://crm.d4k.dk/dataset/observation/test/coding/version","a17b7847-37cd-4476-aea2-83f85e950e69"
"390","system","https://bc.d4k.dk/cdisc/bc_instance/sodium_concentration_in_urine/test/coding/system","https://crm.d4k.dk/dataset/observation/test/coding/system","0378f352-2633-46c3-8ef0-b4fb6e8740dd"
"391","display","https://bc.d4k.dk/cdisc/bc_instance/sodium_concentration_in_urine/test/coding/display","https://crm.d4k.dk/dataset/observation/test/coding/display","62b99bb2-f0d5-4d7b-9fea-e2f13b1d595c"
"392","value","https://bc.d4k.dk/cdisc/bc_instance/sodium_concentration_in_urine/result/quantity/value","","ac983061-600f-4c81-aac4-5dd51b2a1f56"
"393","code","https://bc.d4k.dk/cdisc/bc_instance/sodium_concentration_in_urine/result/quantity/code","","e6593fad-443c-43de-aeba-3409dba3da00"
"394","unit","https://bc.d4k.dk/cdisc/bc_instance/sodium_concentration_in_urine/result/quantity/unit","","59ef61bc-7064-4df8-beb4-b4ca33b1df11"
"395","system","https://bc.d4k.dk/cdisc/bc_instance/sodium_concentration_in_urine/result/quantity/system","","efb596ee-4b47-47e1-af27-4b653b228a1a"
"396","comparator","https://bc.d4k.dk/cdisc/bc_instance/sodium_concentration_in_urine/result/quantity/comparator","","8b377f1f-c7b0-4a92-8f2d-3f521e98154e"
"397","code","https://bc.d4k.dk/cdisc/bc_instance/sodium_concentration_in_urine/specimen/coding/code","","1a9fc184-16c7-4d0a-9dae-d1b0c8079ad2"
"398","user selected","https://bc.d4k.dk/cdisc/bc_instance/sodium_concentration_in_urine/specimen/coding/user_selected","","77c3d33d-dabd-4d84-94b7-1490e654764f"
"399","version","https://bc.d4k.dk/cdisc/bc_instance/sodium_concentration_in_urine/specimen/coding/version","","1119b17b-4eec-4c2f-9771-13c732108fe1"
"400","system","https://bc.d4k.dk/cdisc/bc_instance/sodium_concentration_in_urine/specimen/coding/system","","ce52f613-81dc-4641-9855-04e4132b8b90"
"401","display","https://bc.d4k.dk/cdisc/bc_instance/sodium_concentration_in_urine/specimen/coding/display","","16914789-cd89-49b3-ad37-c4abfc0ef780"
"402","code","https://bc.d4k.dk/cdisc/bc_instance/glucose_concentration_in_serum/test/coding/code","https://crm.d4k.dk/dataset/observation/test/coding/code","e12dd3ec-9dae-43d1-afda-7ddb5de99866"
"403","user selected","https://bc.d4k.dk/cdisc/bc_instance/glucose_concentration_in_serum/test/coding/user_selected","https://crm.d4k.dk/dataset/observation/test/coding/user_selected","4b1fd974-1889-4dee-aaad-c9b1c6625cfe"
"404","version","https://bc.d4k.dk/cdisc/bc_instance/glucose_concentration_in_serum/test/coding/version","https://crm.d4k.dk/dataset/observation/test/coding/version","e2233a0d-821a-4498-929d-d1e941ff2728"
"405","system","https://bc.d4k.dk/cdisc/bc_instance/glucose_concentration_in_serum/test/coding/system","https://crm.d4k.dk/dataset/observation/test/coding/system","888092f7-494f-4541-a0d2-008fb1384b01"
"406","display","https://bc.d4k.dk/cdisc/bc_instance/glucose_concentration_in_serum/test/coding/display","https://crm.d4k.dk/dataset/observation/test/coding/display","1e508b8c-a28f-435f-a3e6-8ebe731f63d8"
"407","value","https://bc.d4k.dk/cdisc/bc_instance/glucose_concentration_in_serum/result/quantity/value","","58f7e2ed-0d44-4b03-836a-687fc92a9420"
"408","code","https://bc.d4k.dk/cdisc/bc_instance/glucose_concentration_in_serum/result/quantity/code","","cbbb1b48-df7b-40a4-8773-caac8068b17c"
"409","unit","https://bc.d4k.dk/cdisc/bc_instance/glucose_concentration_in_serum/result/quantity/unit","","9545ecab-8b70-424e-b5c3-68a233ec70d1"
"410","system","https://bc.d4k.dk/cdisc/bc_instance/glucose_concentration_in_serum/result/quantity/system","","81fcd3fa-75d5-43d2-9a45-1de2a185ca5f"
"411","comparator","https://bc.d4k.dk/cdisc/bc_instance/glucose_concentration_in_serum/result/quantity/comparator","","b13f11e0-694d-4d17-9e3d-853abc547404"
"412","code","https://bc.d4k.dk/cdisc/bc_instance/glucose_concentration_in_serum/specimen/coding/code","","c5c6d5e2-6ee5-4c45-90e6-0f93016f6202"
"413","user selected","https://bc.d4k.dk/cdisc/bc_instance/glucose_concentration_in_serum/specimen/coding/user_selected","","1d5fe6c6-bf66-4567-a7c5-b9d9968ea420"
"414","version","https://bc.d4k.dk/cdisc/bc_instance/glucose_concentration_in_serum/specimen/coding/version","","656e28ff-0f1d-426a-8d48-d3a325af1b0d"
"415","system","https://bc.d4k.dk/cdisc/bc_instance/glucose_concentration_in_serum/specimen/coding/system","","23122bec-7a66-4436-b9ba-0a05cb90d169"
"416","display","https://bc.d4k.dk/cdisc/bc_instance/glucose_concentration_in_serum/specimen/coding/display","","f7e85dd4-73ed-4229-ad4d-d2b43e8752f2"
"417","code","https://bc.d4k.dk/cdisc/bc_instance/systolic_blood_pressure/test/coding/code","https://crm.d4k.dk/dataset/observation/test/coding/code","e3006298-9868-407f-8797-701540e4221b"
"418","user selected","https://bc.d4k.dk/cdisc/bc_instance/systolic_blood_pressure/test/coding/user_selected","https://crm.d4k.dk/dataset/observation/test/coding/user_selected","c98ab248-6da6-4cac-aa71-c35e275de30f"
"419","version","https://bc.d4k.dk/cdisc/bc_instance/systolic_blood_pressure/test/coding/version","https://crm.d4k.dk/dataset/observation/test/coding/version","84ed0b36-89a4-43af-9413-4742ab96d5c3"
"420","system","https://bc.d4k.dk/cdisc/bc_instance/systolic_blood_pressure/test/coding/system","https://crm.d4k.dk/dataset/observation/test/coding/system","dace317d-c314-48de-979a-26ac5bd83dda"
"421","display","https://bc.d4k.dk/cdisc/bc_instance/systolic_blood_pressure/test/coding/display","https://crm.d4k.dk/dataset/observation/test/coding/display","cda825b5-3c26-4c57-a034-27f6ffca859e"
"422","value","https://bc.d4k.dk/cdisc/bc_instance/systolic_blood_pressure/result/quantity/value","https://crm.d4k.dk/dataset/observation/observation_result/result/quantity/value","14a2f16d-b05c-42a8-a100-582c4769aff9"
"423","code","https://bc.d4k.dk/cdisc/bc_instance/systolic_blood_pressure/result/quantity/code","https://crm.d4k.dk/dataset/observation/observation_result/result/quantity/code","431b5eec-fdd8-41aa-8974-30ce2bd6a040"
"424","unit","https://bc.d4k.dk/cdisc/bc_instance/systolic_blood_pressure/result/quantity/unit","https://crm.d4k.dk/dataset/observation/observation_result/result/quantity/unit","676cb339-b855-4213-9778-22d02bb21ee8"
"425","system","https://bc.d4k.dk/cdisc/bc_instance/systolic_blood_pressure/result/quantity/system","https://crm.d4k.dk/dataset/observation/observation_result/result/quantity/system","33815280-0976-4760-9021-dea35a5bb611"
"426","comparator","https://bc.d4k.dk/cdisc/bc_instance/systolic_blood_pressure/result/quantity/comparator","https://crm.d4k.dk/dataset/observation/observation_result/result/quantity/comparator","9b6148a6-e962-4335-a4c7-3fc82a87e27f"
"427","code","https://bc.d4k.dk/cdisc/bc_instance/systolic_blood_pressure/position/coding/code","","8a60d002-a233-425b-b5c1-6a7b562194d1"
"428","user selected","https://bc.d4k.dk/cdisc/bc_instance/systolic_blood_pressure/position/coding/user_selected","","f1d8dce0-e6c4-423a-95f9-de4fa6240c93"
"429","version","https://bc.d4k.dk/cdisc/bc_instance/systolic_blood_pressure/position/coding/version","","76be5df6-016d-49b4-a0f8-1b5c3d4f89b9"
"430","system","https://bc.d4k.dk/cdisc/bc_instance/systolic_blood_pressure/position/coding/system","","b7581ac7-e870-4f21-82cf-b21d23f3e0a7"
"431","display","https://bc.d4k.dk/cdisc/bc_instance/systolic_blood_pressure/position/coding/display","","78664926-5ce5-4afe-be37-27a6acb15f50"
"432","code","https://bc.d4k.dk/cdisc/bc_instance/systolic_blood_pressure/site_of_administration/coding/code","","d9335b76-b5be-41dd-b0a6-00fef677abe4"
"433","user selected","https://bc.d4k.dk/cdisc/bc_instance/systolic_blood_pressure/site_of_administration/coding/user_selected","","91c4024b-9f17-4d84-8c8b-f7c0372651b5"
"434","version","https://bc.d4k.dk/cdisc/bc_instance/systolic_blood_pressure/site_of_administration/coding/version","","f809d563-c3ee-4354-acfd-ea0849b7d023"
"435","system","https://bc.d4k.dk/cdisc/bc_instance/systolic_blood_pressure/site_of_administration/coding/system","","42195949-0404-4609-8752-a2510f00e24a"
"436","display","https://bc.d4k.dk/cdisc/bc_instance/systolic_blood_pressure/site_of_administration/coding/display","","9267da49-5af6-458b-856f-7a3c50fab523"
"437","code","https://bc.d4k.dk/cdisc/bc_instance/systolic_blood_pressure/laterality/coding/code","https://crm.d4k.dk/dataset/common/location/laterality/coding/code","8958ffa3-15c0-494f-9803-83b14734b049"
"438","user selected","https://bc.d4k.dk/cdisc/bc_instance/systolic_blood_pressure/laterality/coding/user_selected","https://crm.d4k.dk/dataset/common/location/laterality/coding/user_selected","4d66779f-fba2-4b26-a702-e1cab28dc611"
"439","version","https://bc.d4k.dk/cdisc/bc_instance/systolic_blood_pressure/laterality/coding/version","https://crm.d4k.dk/dataset/common/location/laterality/coding/version","d7bf0cea-d15f-4af8-85b1-aebd592d381e"
"440","system","https://bc.d4k.dk/cdisc/bc_instance/systolic_blood_pressure/laterality/coding/system","https://crm.d4k.dk/dataset/common/location/laterality/coding/system","bb9ef568-08b6-4f33-99e4-a9fc0aa5e580"
"441","display","https://bc.d4k.dk/cdisc/bc_instance/systolic_blood_pressure/laterality/coding/display","https://crm.d4k.dk/dataset/common/location/laterality/coding/display","4d5ba96a-1344-4cc2-b24b-4f4a7201fbeb"
"442","code","https://bc.d4k.dk/cdisc/bc_instance/basophil_concentration_in_blood/test/coding/code","https://crm.d4k.dk/dataset/observation/test/coding/code","32c1a857-9356-4295-a521-a246efc48cb4"
"443","user selected","https://bc.d4k.dk/cdisc/bc_instance/basophil_concentration_in_blood/test/coding/user_selected","https://crm.d4k.dk/dataset/observation/test/coding/user_selected","5f5bcbaa-8910-45b0-8f21-74c6ef27f83b"
"444","version","https://bc.d4k.dk/cdisc/bc_instance/basophil_concentration_in_blood/test/coding/version","https://crm.d4k.dk/dataset/observation/test/coding/version","3d9bba30-2f9c-4223-8d9f-95be41302269"
"445","system","https://bc.d4k.dk/cdisc/bc_instance/basophil_concentration_in_blood/test/coding/system","https://crm.d4k.dk/dataset/observation/test/coding/system","395e03b5-b576-4da8-aca5-463044b513f6"
"446","display","https://bc.d4k.dk/cdisc/bc_instance/basophil_concentration_in_blood/test/coding/display","https://crm.d4k.dk/dataset/observation/test/coding/display","a0322f7b-cca0-4eac-b95b-689f6e067823"
"447","value","https://bc.d4k.dk/cdisc/bc_instance/basophil_concentration_in_blood/result/quantity/value","","cc75aee7-66fa-477e-96a2-ab07c890c639"
"448","code","https://bc.d4k.dk/cdisc/bc_instance/basophil_concentration_in_blood/result/quantity/code","","d61d98b6-96bf-4ab3-9c2b-3e13b040f719"
"449","unit","https://bc.d4k.dk/cdisc/bc_instance/basophil_concentration_in_blood/result/quantity/unit","","f9ca581e-95e0-42be-93ca-b4f15e82744d"
"450","system","https://bc.d4k.dk/cdisc/bc_instance/basophil_concentration_in_blood/result/quantity/system","","3625023f-9961-4ebf-ad15-1f6d309be733"
"451","comparator","https://bc.d4k.dk/cdisc/bc_instance/basophil_concentration_in_blood/result/quantity/comparator","","63721bf2-8f70-4921-9ee7-fb33f294255c"
"452","code","https://bc.d4k.dk/cdisc/bc_instance/basophil_concentration_in_blood/specimen/coding/code","","13ea15f3-f9ab-466c-8118-5cf2c107380d"
"453","user selected","https://bc.d4k.dk/cdisc/bc_instance/basophil_concentration_in_blood/specimen/coding/user_selected","","05fb83e7-eb8c-46d9-81e4-7e1af59d8bc6"
"454","version","https://bc.d4k.dk/cdisc/bc_instance/basophil_concentration_in_blood/specimen/coding/version","","e85a2cd4-d430-4d61-9b94-e2ff2d1f2817"
"455","system","https://bc.d4k.dk/cdisc/bc_instance/basophil_concentration_in_blood/specimen/coding/system","","ac736b78-7647-4f41-8220-b6245fbdb208"
"456","display","https://bc.d4k.dk/cdisc/bc_instance/basophil_concentration_in_blood/specimen/coding/display","","272cfc67-a5f5-4c32-8510-77bba9f63491"
"457","code","https://bc.d4k.dk/cdisc/bc_instance/glucose_in_urine_by_dipstick/test/coding/code","https://crm.d4k.dk/dataset/observation/test/coding/code","670b0866-470d-4ed9-9752-57a39d2e43d9"
"458","user selected","https://bc.d4k.dk/cdisc/bc_instance/glucose_in_urine_by_dipstick/test/coding/user_selected","https://crm.d4k.dk/dataset/observation/test/coding/user_selected","78bffc61-4aa0-4353-9319-a4ceefaf43a8"
"459","version","https://bc.d4k.dk/cdisc/bc_instance/glucose_in_urine_by_dipstick/test/coding/version","https://crm.d4k.dk/dataset/observation/test/coding/version","6ae40a6f-568a-4e75-ae74-ca29b87e3a1b"
"460","system","https://bc.d4k.dk/cdisc/bc_instance/glucose_in_urine_by_dipstick/test/coding/system","https://crm.d4k.dk/dataset/observation/test/coding/system","6ff3f8b0-8fdb-4bd7-939e-7722c19f0236"
"461","display","https://bc.d4k.dk/cdisc/bc_instance/glucose_in_urine_by_dipstick/test/coding/display","https://crm.d4k.dk/dataset/observation/test/coding/display","f2eb427f-05c1-442a-91a8-cf36ce305ada"
"462","value","https://bc.d4k.dk/cdisc/bc_instance/glucose_in_urine_by_dipstick/result/quantity/value","","42052e17-1936-47e8-b785-b8c1f0d955ce"
"463","code","https://bc.d4k.dk/cdisc/bc_instance/glucose_in_urine_by_dipstick/result/quantity/code","","5e844a34-1f09-456e-9092-9c4f9886c290"
"464","unit","https://bc.d4k.dk/cdisc/bc_instance/glucose_in_urine_by_dipstick/result/quantity/unit","","23e946cf-e238-404e-93c9-e20120fb581f"
"465","system","https://bc.d4k.dk/cdisc/bc_instance/glucose_in_urine_by_dipstick/result/quantity/system","","635b93c4-9183-4751-8b65-1b12d53d0cdd"
"466","comparator","https://bc.d4k.dk/cdisc/bc_instance/glucose_in_urine_by_dipstick/result/quantity/comparator","","7257cb7c-586e-47d4-bca9-6f0e863937d6"
"467","code","https://bc.d4k.dk/cdisc/bc_instance/glucose_in_urine_by_dipstick/specimen/coding/code","","51dd5f68-d879-4c7c-be67-050a12291000"
"468","user selected","https://bc.d4k.dk/cdisc/bc_instance/glucose_in_urine_by_dipstick/specimen/coding/user_selected","","06d92f63-ed54-4236-bade-5a69ca9c09f2"
"469","version","https://bc.d4k.dk/cdisc/bc_instance/glucose_in_urine_by_dipstick/specimen/coding/version","","af673f3a-5533-4fa6-9fcc-4609f562467e"
"470","system","https://bc.d4k.dk/cdisc/bc_instance/glucose_in_urine_by_dipstick/specimen/coding/system","","956b0be8-94f1-4dec-8a5c-5f44a8d5ecca"
"471","display","https://bc.d4k.dk/cdisc/bc_instance/glucose_in_urine_by_dipstick/specimen/coding/display","","5477b4d4-e335-4d17-b12d-368652a2ab31"
"472","code","https://bc.d4k.dk/cdisc/bc_instance/glucose_in_urine_by_dipstick/method/coding/code","","efc77731-2956-4e45-bbf4-ab0ce8adcbea"
"473","user selected","https://bc.d4k.dk/cdisc/bc_instance/glucose_in_urine_by_dipstick/method/coding/user_selected","","dacf489d-1fc1-405b-bce8-73067f8b85ed"
"474","version","https://bc.d4k.dk/cdisc/bc_instance/glucose_in_urine_by_dipstick/method/coding/version","","6dd6e8b9-2064-4074-a01b-4fa943caa92d"
"475","system","https://bc.d4k.dk/cdisc/bc_instance/glucose_in_urine_by_dipstick/method/coding/system","","28b436a7-8d23-46b5-a541-3beced45a566"
"476","display","https://bc.d4k.dk/cdisc/bc_instance/glucose_in_urine_by_dipstick/method/coding/display","","20c56bd6-b010-4678-beb6-2e299713a1a3"
"477","value","https://bc.d4k.dk/cdisc/bc_instance/weight/result/quantity/value","https://crm.d4k.dk/dataset/observation/observation_result/result/quantity/value","f514d759-01fc-4018-a0a7-ac3def728855"
"478","code","https://bc.d4k.dk/cdisc/bc_instance/weight/result/quantity/code","https://crm.d4k.dk/dataset/observation/observation_result/result/quantity/code","83ce75ff-4337-4ea5-b064-c9453dffbfe3"
"479","unit","https://bc.d4k.dk/cdisc/bc_instance/weight/result/quantity/unit","https://crm.d4k.dk/dataset/observation/observation_result/result/quantity/unit","a25cf5a5-a5b0-4b6f-b285-e28b9a3af55f"
"480","system","https://bc.d4k.dk/cdisc/bc_instance/weight/result/quantity/system","https://crm.d4k.dk/dataset/observation/observation_result/result/quantity/system","62be7180-5e4d-449e-abcd-cf6f883d5d8f"
"481","comparator","https://bc.d4k.dk/cdisc/bc_instance/weight/result/quantity/comparator","https://crm.d4k.dk/dataset/observation/observation_result/result/quantity/comparator","3c153c99-8883-440c-a352-ff089f9abd08"
"482","code","https://bc.d4k.dk/cdisc/bc_instance/sodium_concentration_in_blood/test/coding/code","https://crm.d4k.dk/dataset/observation/test/coding/code","76112f2d-22c9-4c51-9e6a-a3aeca3e9322"
"483","user selected","https://bc.d4k.dk/cdisc/bc_instance/sodium_concentration_in_blood/test/coding/user_selected","https://crm.d4k.dk/dataset/observation/test/coding/user_selected","7280a10d-3b28-4ecd-b595-a62abae3aaac"
"484","version","https://bc.d4k.dk/cdisc/bc_instance/sodium_concentration_in_blood/test/coding/version","https://crm.d4k.dk/dataset/observation/test/coding/version","10c4b8d8-785d-4f35-af3a-1a020aa32aab"
"485","system","https://bc.d4k.dk/cdisc/bc_instance/sodium_concentration_in_blood/test/coding/system","https://crm.d4k.dk/dataset/observation/test/coding/system","fd920a50-9baf-4821-8603-5dea7bf129c0"
"486","display","https://bc.d4k.dk/cdisc/bc_instance/sodium_concentration_in_blood/test/coding/display","https://crm.d4k.dk/dataset/observation/test/coding/display","26bd4df4-4bab-43d0-908d-e6cc20056843"
"487","value","https://bc.d4k.dk/cdisc/bc_instance/sodium_concentration_in_blood/result/quantity/value","","9551e3eb-4d3f-4961-a39d-d54b48bad218"
"488","code","https://bc.d4k.dk/cdisc/bc_instance/sodium_concentration_in_blood/result/quantity/code","","9a9897af-d62a-4842-8e2b-929a56c88ff2"
"489","unit","https://bc.d4k.dk/cdisc/bc_instance/sodium_concentration_in_blood/result/quantity/unit","","4bdb3984-16f0-4f1f-a70c-73343a632768"
"490","system","https://bc.d4k.dk/cdisc/bc_instance/sodium_concentration_in_blood/result/quantity/system","","8ec9bc97-d76a-4e02-8122-e30cb1b98aac"
"491","comparator","https://bc.d4k.dk/cdisc/bc_instance/sodium_concentration_in_blood/result/quantity/comparator","","40c6a091-8661-44bb-970a-eafa3a34086c"
"492","code","https://bc.d4k.dk/cdisc/bc_instance/sodium_concentration_in_blood/specimen/coding/code","","e9b2e6f7-ef56-4107-b49d-c7c714383016"
"493","user selected","https://bc.d4k.dk/cdisc/bc_instance/sodium_concentration_in_blood/specimen/coding/user_selected","","bc11d231-742d-4b04-a270-8ccd846768fc"
"494","version","https://bc.d4k.dk/cdisc/bc_instance/sodium_concentration_in_blood/specimen/coding/version","","ba611ce5-1acb-46ca-b615-3b8709a97059"
"495","system","https://bc.d4k.dk/cdisc/bc_instance/sodium_concentration_in_blood/specimen/coding/system","","67205a23-5498-4f77-b8a0-ebbae200e773"
"496","display","https://bc.d4k.dk/cdisc/bc_instance/sodium_concentration_in_blood/specimen/coding/display","","431e8640-534b-4b11-85b2-b408d720fe77"
"497","code","https://bc.d4k.dk/cdisc/bc_instance/height/test/coding/code","https://crm.d4k.dk/dataset/observation/test/coding/code","14d4297b-1528-4170-9139-7b9de5c49f7a"
"498","user selected","https://bc.d4k.dk/cdisc/bc_instance/height/test/coding/user_selected","https://crm.d4k.dk/dataset/observation/test/coding/user_selected","71251e73-6555-46cb-89f5-2072608875e3"
"499","version","https://bc.d4k.dk/cdisc/bc_instance/height/test/coding/version","https://crm.d4k.dk/dataset/observation/test/coding/version","d111effe-481c-4c88-9ed8-af1e9349cbda"
"500","system","https://bc.d4k.dk/cdisc/bc_instance/height/test/coding/system","https://crm.d4k.dk/dataset/observation/test/coding/system","12268dfc-c418-47a2-baa9-14155aba0b57"
"501","display","https://bc.d4k.dk/cdisc/bc_instance/height/test/coding/display","https://crm.d4k.dk/dataset/observation/test/coding/display","430295b0-de8f-4a0b-bd63-808708f8b628"
"502","value","https://bc.d4k.dk/cdisc/bc_instance/height/result/quantity/value","https://crm.d4k.dk/dataset/observation/observation_result/result/quantity/value","62cfbea0-a510-4c48-93c9-c9e05880d5b6"
"503","code","https://bc.d4k.dk/cdisc/bc_instance/height/result/quantity/code","https://crm.d4k.dk/dataset/observation/observation_result/result/quantity/code","1f45318a-634f-44fb-95ed-3980c326e114"
"504","unit","https://bc.d4k.dk/cdisc/bc_instance/height/result/quantity/unit","https://crm.d4k.dk/dataset/observation/observation_result/result/quantity/unit","4e77779a-40e1-42bf-b46c-870de3416507"
"505","system","https://bc.d4k.dk/cdisc/bc_instance/height/result/quantity/system","https://crm.d4k.dk/dataset/observation/observation_result/result/quantity/system","5da0b281-3230-434d-a843-4ab24cc49854"
"506","comparator","https://bc.d4k.dk/cdisc/bc_instance/height/result/quantity/comparator","https://crm.d4k.dk/dataset/observation/observation_result/result/quantity/comparator","61cc2f9d-9bf1-4608-8bea-ad370e5ae098"
"507","code","https://bc.d4k.dk/cdisc/bc_instance/alanine_aminotransferase_concentration_in_serum/plasma/test/coding/code","https://crm.d4k.dk/dataset/observation/test/coding/code","b20b762d-2b3f-4478-b8a1-e4eae7c3bcb7"
"508","user selected","https://bc.d4k.dk/cdisc/bc_instance/alanine_aminotransferase_concentration_in_serum/plasma/test/coding/user_selected","https://crm.d4k.dk/dataset/observation/test/coding/user_selected","78555696-12bb-4f75-b02a-42699184a7d8"
"509","version","https://bc.d4k.dk/cdisc/bc_instance/alanine_aminotransferase_concentration_in_serum/plasma/test/coding/version","https://crm.d4k.dk/dataset/observation/test/coding/version","b1bfca25-f4c7-4867-97f3-dc72fb27e58f"
"510","system","https://bc.d4k.dk/cdisc/bc_instance/alanine_aminotransferase_concentration_in_serum/plasma/test/coding/system","https://crm.d4k.dk/dataset/observation/test/coding/system","3361fb31-143d-4aab-9d26-23ebca60a024"
"511","display","https://bc.d4k.dk/cdisc/bc_instance/alanine_aminotransferase_concentration_in_serum/plasma/test/coding/display","https://crm.d4k.dk/dataset/observation/test/coding/display","ecbf071e-6290-4e1c-a33d-a228838a1632"
"512","value","https://bc.d4k.dk/cdisc/bc_instance/alanine_aminotransferase_concentration_in_serum/plasma/result/quantity/value","","45d95360-abb0-42ed-adf5-1fa0227196a4"
"513","code","https://bc.d4k.dk/cdisc/bc_instance/alanine_aminotransferase_concentration_in_serum/plasma/result/quantity/code","","260cda78-65ce-47f6-b3f4-53047b3673d2"
"514","unit","https://bc.d4k.dk/cdisc/bc_instance/alanine_aminotransferase_concentration_in_serum/plasma/result/quantity/unit","","091568a3-2b3b-4cde-b896-c921c87788ee"
"515","system","https://bc.d4k.dk/cdisc/bc_instance/alanine_aminotransferase_concentration_in_serum/plasma/result/quantity/system","","4a937db4-2c9f-4d64-82b6-35410212de25"
"516","comparator","https://bc.d4k.dk/cdisc/bc_instance/alanine_aminotransferase_concentration_in_serum/plasma/result/quantity/comparator","","a2b3271b-8ce3-4e21-be14-ec87e78c880b"
"517","code","https://bc.d4k.dk/cdisc/bc_instance/alanine_aminotransferase_concentration_in_serum/plasma/specimen/coding/code","","a57eb996-1816-4e53-9a25-5bb5dc435cd4"
"518","user selected","https://bc.d4k.dk/cdisc/bc_instance/alanine_aminotransferase_concentration_in_serum/plasma/specimen/coding/user_selected","","d337b3da-ef6f-4959-969c-fe88ba47d8f1"
"519","version","https://bc.d4k.dk/cdisc/bc_instance/alanine_aminotransferase_concentration_in_serum/plasma/specimen/coding/version","","80e003ad-bb6f-45b0-b60f-402538455338"
"520","system","https://bc.d4k.dk/cdisc/bc_instance/alanine_aminotransferase_concentration_in_serum/plasma/specimen/coding/system","","ae04b101-9e8c-4dfd-a141-b1afa66efd4b"
"521","display","https://bc.d4k.dk/cdisc/bc_instance/alanine_aminotransferase_concentration_in_serum/plasma/specimen/coding/display","","8a297251-9bd4-49e3-8da4-048028fdd291"
"522","code","https://bc.d4k.dk/cdisc/bc_instance/heart_rate/test/coding/code","https://crm.d4k.dk/dataset/observation/test/coding/code","65336350-90ad-4c7a-b98a-efee3b797696"
"523","user selected","https://bc.d4k.dk/cdisc/bc_instance/heart_rate/test/coding/user_selected","https://crm.d4k.dk/dataset/observation/test/coding/user_selected","a4933a9b-2d4c-48cc-ba81-77251e2c21b2"
"524","version","https://bc.d4k.dk/cdisc/bc_instance/heart_rate/test/coding/version","https://crm.d4k.dk/dataset/observation/test/coding/version","b7ca3cf3-f3a4-4b30-b947-be20a89a11fa"
"525","system","https://bc.d4k.dk/cdisc/bc_instance/heart_rate/test/coding/system","https://crm.d4k.dk/dataset/observation/test/coding/system","cdbfa503-d8d0-434b-b0db-52738ae07c0d"
"526","display","https://bc.d4k.dk/cdisc/bc_instance/heart_rate/test/coding/display","https://crm.d4k.dk/dataset/observation/test/coding/display","cfbf15f9-c03a-40dc-8ffe-fc59035df306"
"527","value","https://bc.d4k.dk/cdisc/bc_instance/heart_rate/result/quantity/value","https://crm.d4k.dk/dataset/observation/observation_result/result/quantity/value","49d09b2d-beb6-44b8-aa4f-3d979ecdfaa1"
"528","code","https://bc.d4k.dk/cdisc/bc_instance/heart_rate/result/quantity/code","https://crm.d4k.dk/dataset/observation/observation_result/result/quantity/code","f867ebf7-5742-4075-9763-de6ecf0d06f9"
"529","unit","https://bc.d4k.dk/cdisc/bc_instance/heart_rate/result/quantity/unit","https://crm.d4k.dk/dataset/observation/observation_result/result/quantity/unit","8c949458-0410-4d01-93ec-86884cf35272"
"530","system","https://bc.d4k.dk/cdisc/bc_instance/heart_rate/result/quantity/system","https://crm.d4k.dk/dataset/observation/observation_result/result/quantity/system","e0b8958d-b85b-483c-8625-e5a8a6d57cf3"
"531","comparator","https://bc.d4k.dk/cdisc/bc_instance/heart_rate/result/quantity/comparator","https://crm.d4k.dk/dataset/observation/observation_result/result/quantity/comparator","448f52a4-afff-49d0-b233-0fca733036bc"
"532","code","https://bc.d4k.dk/cdisc/bc_instance/heart_rate/position/coding/code","","c44fc5d4-b194-4aa7-bced-463d0ea846bf"
"533","user selected","https://bc.d4k.dk/cdisc/bc_instance/heart_rate/position/coding/user_selected","","fe83e253-5363-4e38-8e80-fcb2dfe1cabe"
"534","version","https://bc.d4k.dk/cdisc/bc_instance/heart_rate/position/coding/version","","1d182914-94e3-4a5f-ab1e-7ccdfd378b64"
"535","system","https://bc.d4k.dk/cdisc/bc_instance/heart_rate/position/coding/system","","70d7333d-0712-4218-9d15-f036ab920245"
"536","display","https://bc.d4k.dk/cdisc/bc_instance/heart_rate/position/coding/display","","a9432622-6c58-4dbf-9e9a-d43173008461"
"537","code","https://bc.d4k.dk/cdisc/bc_instance/heart_rate/site_of_administration/coding/code","","f71d183f-378c-4a5e-b2d1-6f959d2f1d02"
"538","user selected","https://bc.d4k.dk/cdisc/bc_instance/heart_rate/site_of_administration/coding/user_selected","","b71b4298-a077-47e4-9b14-ef458ab6eb24"
"539","version","https://bc.d4k.dk/cdisc/bc_instance/heart_rate/site_of_administration/coding/version","","ffc19e7d-c27f-4312-b821-2cf8d2ac1444"
"540","system","https://bc.d4k.dk/cdisc/bc_instance/heart_rate/site_of_administration/coding/system","","1eb3a98c-188d-43de-a8cf-278e068dbc0e"
"541","display","https://bc.d4k.dk/cdisc/bc_instance/heart_rate/site_of_administration/coding/display","","927b3af3-1ba3-4338-bad0-eb4c65fad2f3"
"542","code","https://bc.d4k.dk/cdisc/bc_instance/heart_rate/laterality/coding/code","https://crm.d4k.dk/dataset/common/location/laterality/coding/code","8fbf1a70-508a-411e-a4ef-804671ca80f5"
"543","user selected","https://bc.d4k.dk/cdisc/bc_instance/heart_rate/laterality/coding/user_selected","https://crm.d4k.dk/dataset/common/location/laterality/coding/user_selected","3b5ada98-6694-4937-91f5-ab48ab3f1dff"
"544","version","https://bc.d4k.dk/cdisc/bc_instance/heart_rate/laterality/coding/version","https://crm.d4k.dk/dataset/common/location/laterality/coding/version","eb0c2d71-804b-49bd-a025-f8a092c4318d"
"545","system","https://bc.d4k.dk/cdisc/bc_instance/heart_rate/laterality/coding/system","https://crm.d4k.dk/dataset/common/location/laterality/coding/system","2c23c838-1d7a-4f56-872b-2d9927eb7588"
"546","display","https://bc.d4k.dk/cdisc/bc_instance/heart_rate/laterality/coding/display","https://crm.d4k.dk/dataset/common/location/laterality/coding/display","70aa81de-b828-4fa3-9519-13bf0874a471"
"547","code","https://bc.d4k.dk/cdisc/bc_instance/potassium_concentration_in_blood/test/coding/code","https://crm.d4k.dk/dataset/observation/test/coding/code","eb3c87b5-df4c-4054-aadc-c26d1c52133b"
"548","user selected","https://bc.d4k.dk/cdisc/bc_instance/potassium_concentration_in_blood/test/coding/user_selected","https://crm.d4k.dk/dataset/observation/test/coding/user_selected","5de25119-4bb3-43c4-b2fa-582f2985e6ae"
"549","version","https://bc.d4k.dk/cdisc/bc_instance/potassium_concentration_in_blood/test/coding/version","https://crm.d4k.dk/dataset/observation/test/coding/version","169ded9a-774d-4370-800b-c72336ac7700"
"550","system","https://bc.d4k.dk/cdisc/bc_instance/potassium_concentration_in_blood/test/coding/system","https://crm.d4k.dk/dataset/observation/test/coding/system","ada66b1e-bd91-4ac8-9565-7efb1befcb91"
"551","display","https://bc.d4k.dk/cdisc/bc_instance/potassium_concentration_in_blood/test/coding/display","https://crm.d4k.dk/dataset/observation/test/coding/display","5623d564-f1e6-4531-9106-5c89c3043afc"
"552","value","https://bc.d4k.dk/cdisc/bc_instance/potassium_concentration_in_blood/result/quantity/value","","6065781d-8339-45db-be42-3baacc0e6e23"
"553","code","https://bc.d4k.dk/cdisc/bc_instance/potassium_concentration_in_blood/result/quantity/code","","6a3a06b7-c956-413d-8fed-9ad096f0a0f6"
"554","unit","https://bc.d4k.dk/cdisc/bc_instance/potassium_concentration_in_blood/result/quantity/unit","","3341b027-defc-47b4-a5b7-8af0a7d5a644"
"555","system","https://bc.d4k.dk/cdisc/bc_instance/potassium_concentration_in_blood/result/quantity/system","","130859bf-fe5a-483c-8c61-f681ef2516fd"
"556","comparator","https://bc.d4k.dk/cdisc/bc_instance/potassium_concentration_in_blood/result/quantity/comparator","","c3a92e36-1714-46a0-9e0e-f730eec48437"
"557","code","https://bc.d4k.dk/cdisc/bc_instance/potassium_concentration_in_blood/specimen/coding/code","","505cad33-6076-4857-bef9-5fab0c578759"
"558","user selected","https://bc.d4k.dk/cdisc/bc_instance/potassium_concentration_in_blood/specimen/coding/user_selected","","fe81c2f4-06e1-4cde-89fe-6d0e5d309023"
"559","version","https://bc.d4k.dk/cdisc/bc_instance/potassium_concentration_in_blood/specimen/coding/version","","a868d065-8398-4141-be8c-a2bcfad8b7af"
"560","system","https://bc.d4k.dk/cdisc/bc_instance/potassium_concentration_in_blood/specimen/coding/system","","35498d9a-3551-4cda-9275-8cb0c9460158"
"561","display","https://bc.d4k.dk/cdisc/bc_instance/potassium_concentration_in_blood/specimen/coding/display","","b66248a8-98bd-4dfc-9cd8-5334986dd6ad"
"562","code","https://bc.d4k.dk/cdisc/bc_instance/pulse/test/coding/code","https://crm.d4k.dk/dataset/observation/test/coding/code","49aacdbc-4828-4633-a058-69d889e421c3"
"563","user selected","https://bc.d4k.dk/cdisc/bc_instance/pulse/test/coding/user_selected","https://crm.d4k.dk/dataset/observation/test/coding/user_selected","e9e69bc9-6e4a-4564-83aa-dc8748e0d897"
"564","version","https://bc.d4k.dk/cdisc/bc_instance/pulse/test/coding/version","https://crm.d4k.dk/dataset/observation/test/coding/version","33f74b74-d2b0-4fc9-879e-a3b8cdb9e1f5"
"565","system","https://bc.d4k.dk/cdisc/bc_instance/pulse/test/coding/system","https://crm.d4k.dk/dataset/observation/test/coding/system","0fabab91-7d4a-4356-9bec-85167cf26d4f"
"566","display","https://bc.d4k.dk/cdisc/bc_instance/pulse/test/coding/display","https://crm.d4k.dk/dataset/observation/test/coding/display","5c1d4a7e-6032-4b5d-9c90-d08b599c4ee8"
"567","value","https://bc.d4k.dk/cdisc/bc_instance/pulse/result/quantity/value","https://crm.d4k.dk/dataset/observation/observation_result/result/quantity/value","fff54084-020c-4c3e-a182-46db64546cec"
"568","code","https://bc.d4k.dk/cdisc/bc_instance/pulse/result/quantity/code","https://crm.d4k.dk/dataset/observation/observation_result/result/quantity/code","926d88cc-29a8-49d9-8340-0fc5c9ce348a"
"569","unit","https://bc.d4k.dk/cdisc/bc_instance/pulse/result/quantity/unit","https://crm.d4k.dk/dataset/observation/observation_result/result/quantity/unit","75e68b96-1ff7-4bb8-ae67-45c1746d65c1"
"570","system","https://bc.d4k.dk/cdisc/bc_instance/pulse/result/quantity/system","https://crm.d4k.dk/dataset/observation/observation_result/result/quantity/system","4f718f80-4b9d-4004-bb67-48b6594247f8"
"571","comparator","https://bc.d4k.dk/cdisc/bc_instance/pulse/result/quantity/comparator","https://crm.d4k.dk/dataset/observation/observation_result/result/quantity/comparator","46f69aaa-4aed-480e-ae58-c89222ed09bd"
"572","code","https://bc.d4k.dk/cdisc/bc_instance/pulse/position/coding/code","","a80fa5cc-3da3-4449-b6d8-171b4af8582a"
"573","user selected","https://bc.d4k.dk/cdisc/bc_instance/pulse/position/coding/user_selected","","2997a658-b5a5-4a18-abe3-4b694065adb7"
"574","version","https://bc.d4k.dk/cdisc/bc_instance/pulse/position/coding/version","","26e6075e-4136-46c9-98f7-04fbe5a215b9"
"575","system","https://bc.d4k.dk/cdisc/bc_instance/pulse/position/coding/system","","6e08a46e-24e0-4b84-b5f2-c0c8fc559951"
"576","display","https://bc.d4k.dk/cdisc/bc_instance/pulse/position/coding/display","","ee09eb72-26fc-4238-9784-4e8f076e30b8"
"577","code","https://bc.d4k.dk/cdisc/bc_instance/pulse/site_of_administration/coding/code","","865237ad-5649-4de0-81c4-3ec1578669ac"
"578","user selected","https://bc.d4k.dk/cdisc/bc_instance/pulse/site_of_administration/coding/user_selected","","7b13ec25-1168-42cb-81d1-abfc000fab0f"
"579","version","https://bc.d4k.dk/cdisc/bc_instance/pulse/site_of_administration/coding/version","","573af36f-daa7-4ec3-8f79-bd775ac5bb1c"
"580","system","https://bc.d4k.dk/cdisc/bc_instance/pulse/site_of_administration/coding/system","","7b7a0aa0-1a59-406a-9cc2-b1e43f51ff99"
"581","display","https://bc.d4k.dk/cdisc/bc_instance/pulse/site_of_administration/coding/display","","d29fb543-6eda-4212-aaee-d0b0362d0abe"
"582","code","https://bc.d4k.dk/cdisc/bc_instance/pulse/laterality/coding/code","https://crm.d4k.dk/dataset/common/location/laterality/coding/code","b0ca218c-5b37-4d35-8664-3650aeea60bc"
"583","user selected","https://bc.d4k.dk/cdisc/bc_instance/pulse/laterality/coding/user_selected","https://crm.d4k.dk/dataset/common/location/laterality/coding/user_selected","242381bf-1a15-4685-953e-7eeb3e01631a"
"584","version","https://bc.d4k.dk/cdisc/bc_instance/pulse/laterality/coding/version","https://crm.d4k.dk/dataset/common/location/laterality/coding/version","1da58206-a66b-487d-b988-7dd7bbc264c0"
"585","system","https://bc.d4k.dk/cdisc/bc_instance/pulse/laterality/coding/system","https://crm.d4k.dk/dataset/common/location/laterality/coding/system","8c0db2d7-a72a-44f9-b7ad-74e80384220b"
"586","display","https://bc.d4k.dk/cdisc/bc_instance/pulse/laterality/coding/display","https://crm.d4k.dk/dataset/common/location/laterality/coding/display","b8cb5129-0f88-4134-9364-6a06e5933951"
"587","code","https://bc.d4k.dk/cdisc/bc_instance/glucose_concentration_in_plasma/test/coding/code","https://crm.d4k.dk/dataset/observation/test/coding/code","887674fa-b4ee-499a-83bc-a2516d1e701f"
"588","user selected","https://bc.d4k.dk/cdisc/bc_instance/glucose_concentration_in_plasma/test/coding/user_selected","https://crm.d4k.dk/dataset/observation/test/coding/user_selected","09349957-7436-4ff7-a053-9b29a6456df5"
"589","version","https://bc.d4k.dk/cdisc/bc_instance/glucose_concentration_in_plasma/test/coding/version","https://crm.d4k.dk/dataset/observation/test/coding/version","8e418fc2-62ba-49c5-a800-4d6d520db529"
"590","system","https://bc.d4k.dk/cdisc/bc_instance/glucose_concentration_in_plasma/test/coding/system","https://crm.d4k.dk/dataset/observation/test/coding/system","41bfe330-8572-4fa9-afb4-ff6e691f47fe"
"591","display","https://bc.d4k.dk/cdisc/bc_instance/glucose_concentration_in_plasma/test/coding/display","https://crm.d4k.dk/dataset/observation/test/coding/display","1582d42a-b6c9-4e8c-99ae-3c8b15928a24"
"592","value","https://bc.d4k.dk/cdisc/bc_instance/glucose_concentration_in_plasma/result/quantity/value","","918be73c-39d6-468a-b809-5dcfdb450b9a"
"593","code","https://bc.d4k.dk/cdisc/bc_instance/glucose_concentration_in_plasma/result/quantity/code","","4731d6d5-4958-4816-8024-f3a65a748027"
"594","unit","https://bc.d4k.dk/cdisc/bc_instance/glucose_concentration_in_plasma/result/quantity/unit","","d8b24645-8485-4270-9263-504fc1dd40ba"
"595","system","https://bc.d4k.dk/cdisc/bc_instance/glucose_concentration_in_plasma/result/quantity/system","","1778c797-5a07-4043-a3d7-3c9dbf7e0233"
"596","comparator","https://bc.d4k.dk/cdisc/bc_instance/glucose_concentration_in_plasma/result/quantity/comparator","","30d5dc37-a395-4b1d-855e-1c42bd4accea"
"597","code","https://bc.d4k.dk/cdisc/bc_instance/glucose_concentration_in_plasma/specimen/coding/code","","f602153e-7f05-4ef2-a177-cb2651fedf92"
"598","user selected","https://bc.d4k.dk/cdisc/bc_instance/glucose_concentration_in_plasma/specimen/coding/user_selected","","569745ca-c633-4a86-89cb-abe3377b3708"
"599","version","https://bc.d4k.dk/cdisc/bc_instance/glucose_concentration_in_plasma/specimen/coding/version","","9d2b4f58-d4bc-48e2-9ffc-e65b7c1c2af2"
"600","system","https://bc.d4k.dk/cdisc/bc_instance/glucose_concentration_in_plasma/specimen/coding/system","","8d3dc281-e589-4fe4-840f-2335dbc3a635"
"601","display","https://bc.d4k.dk/cdisc/bc_instance/glucose_concentration_in_plasma/specimen/coding/display","","1f4071c4-2141-49a8-9cc6-ce25f1312211"
"602","code","https://bc.d4k.dk/cdisc/bc_instance/respiratory_rate/test/coding/code","https://crm.d4k.dk/dataset/observation/test/coding/code","7b3ed14f-191a-48be-b17a-9788878ef8b7"
"603","user selected","https://bc.d4k.dk/cdisc/bc_instance/respiratory_rate/test/coding/user_selected","https://crm.d4k.dk/dataset/observation/test/coding/user_selected","aa940d31-d9c6-44c1-a26b-6459e580d34e"
"604","version","https://bc.d4k.dk/cdisc/bc_instance/respiratory_rate/test/coding/version","https://crm.d4k.dk/dataset/observation/test/coding/version","2e44d4d9-ec29-42d6-b2c8-6b9254519ab2"
"605","system","https://bc.d4k.dk/cdisc/bc_instance/respiratory_rate/test/coding/system","https://crm.d4k.dk/dataset/observation/test/coding/system","d3b711c4-d766-4722-a9f5-77ac6a4fadc8"
"606","display","https://bc.d4k.dk/cdisc/bc_instance/respiratory_rate/test/coding/display","https://crm.d4k.dk/dataset/observation/test/coding/display","023e9d57-af33-4b47-8b17-9fcfdb08278b"
"607","value","https://bc.d4k.dk/cdisc/bc_instance/respiratory_rate/result/quantity/value","https://crm.d4k.dk/dataset/observation/observation_result/result/quantity/value","da649b08-d83b-4878-bced-1225b4756b78"
"608","code","https://bc.d4k.dk/cdisc/bc_instance/respiratory_rate/result/quantity/code","https://crm.d4k.dk/dataset/observation/observation_result/result/quantity/code","6418663c-cd97-4a43-ba29-68f9e77c420d"
"609","unit","https://bc.d4k.dk/cdisc/bc_instance/respiratory_rate/result/quantity/unit","https://crm.d4k.dk/dataset/observation/observation_result/result/quantity/unit","d79bdd20-cb73-49e5-9f56-3d2548e8e8d1"
"610","system","https://bc.d4k.dk/cdisc/bc_instance/respiratory_rate/result/quantity/system","https://crm.d4k.dk/dataset/observation/observation_result/result/quantity/system","69d442da-49f8-464c-a3a2-afdefcf388b6"
"611","comparator","https://bc.d4k.dk/cdisc/bc_instance/respiratory_rate/result/quantity/comparator","https://crm.d4k.dk/dataset/observation/observation_result/result/quantity/comparator","d410be9d-dc97-4fb2-86be-f6b9325b67f6"
"612","code","https://bc.d4k.dk/cdisc/bc_instance/sodium_concentration_in_serum/plasma/test/coding/code","https://crm.d4k.dk/dataset/observation/test/coding/code","f9488959-52a2-4877-8491-3cee1510b905"
"613","user selected","https://bc.d4k.dk/cdisc/bc_instance/sodium_concentration_in_serum/plasma/test/coding/user_selected","https://crm.d4k.dk/dataset/observation/test/coding/user_selected","61eec68b-5d55-4b74-b00e-6d259cb8878d"
"614","version","https://bc.d4k.dk/cdisc/bc_instance/sodium_concentration_in_serum/plasma/test/coding/version","https://crm.d4k.dk/dataset/observation/test/coding/version","e6628204-66b1-4a5d-8b33-c21e8e9b4dd8"
"615","system","https://bc.d4k.dk/cdisc/bc_instance/sodium_concentration_in_serum/plasma/test/coding/system","https://crm.d4k.dk/dataset/observation/test/coding/system","db401ebf-8f12-4057-9309-14cee9cb39be"
"616","display","https://bc.d4k.dk/cdisc/bc_instance/sodium_concentration_in_serum/plasma/test/coding/display","https://crm.d4k.dk/dataset/observation/test/coding/display","95073172-7b78-4bf1-8c91-948b285d2aea"
"617","value","https://bc.d4k.dk/cdisc/bc_instance/sodium_concentration_in_serum/plasma/result/quantity/value","","3e5cb5d9-25ba-4625-8040-b189c00208b1"
"618","code","https://bc.d4k.dk/cdisc/bc_instance/sodium_concentration_in_serum/plasma/result/quantity/code","","63ee0706-089b-4f5b-9fa0-2b1e519edee8"
"619","unit","https://bc.d4k.dk/cdisc/bc_instance/sodium_concentration_in_serum/plasma/result/quantity/unit","","f89d44d0-09b3-403d-8c2d-ab4f65ccacce"
"620","system","https://bc.d4k.dk/cdisc/bc_instance/sodium_concentration_in_serum/plasma/result/quantity/system","","f54205b9-4d23-479f-93b0-3f89b9a3b1cb"
"621","comparator","https://bc.d4k.dk/cdisc/bc_instance/sodium_concentration_in_serum/plasma/result/quantity/comparator","","f08eea60-1b8d-4869-9159-6c91e8d82cf8"
"622","code","https://bc.d4k.dk/cdisc/bc_instance/sodium_concentration_in_serum/plasma/specimen/coding/code","","7cdbf228-1583-4411-8a9f-d3517d8210f6"
"623","user selected","https://bc.d4k.dk/cdisc/bc_instance/sodium_concentration_in_serum/plasma/specimen/coding/user_selected","","1b4c252d-ccc9-45b6-8e92-b0576a8b517f"
"624","version","https://bc.d4k.dk/cdisc/bc_instance/sodium_concentration_in_serum/plasma/specimen/coding/version","","49c2c411-6804-4438-accb-8c8f8ee4ae81"
"625","system","https://bc.d4k.dk/cdisc/bc_instance/sodium_concentration_in_serum/plasma/specimen/coding/system","","3dd4fda8-db6c-460d-bedd-da1fe4400b2b"
"626","display","https://bc.d4k.dk/cdisc/bc_instance/sodium_concentration_in_serum/plasma/specimen/coding/display","","a9574600-5e67-4620-b300-732707cbda9d"
"627","code","https://bc.d4k.dk/cdisc/bc_instance/albumin_concentration_in_serum/plasma/test/coding/code","https://crm.d4k.dk/dataset/observation/test/coding/code","535fe494-31bb-40fb-85a8-849e4f7b88e6"
"628","user selected","https://bc.d4k.dk/cdisc/bc_instance/albumin_concentration_in_serum/plasma/test/coding/user_selected","https://crm.d4k.dk/dataset/observation/test/coding/user_selected","a21d1809-f715-4506-adf7-4a8b85e7ae3a"
"629","version","https://bc.d4k.dk/cdisc/bc_instance/albumin_concentration_in_serum/plasma/test/coding/version","https://crm.d4k.dk/dataset/observation/test/coding/version","6dbbbb9e-9fdb-45ec-822c-32d998ec5364"
"630","system","https://bc.d4k.dk/cdisc/bc_instance/albumin_concentration_in_serum/plasma/test/coding/system","https://crm.d4k.dk/dataset/observation/test/coding/system","8fa32b35-431d-4be9-a3b9-e080dcb5001f"
"631","display","https://bc.d4k.dk/cdisc/bc_instance/albumin_concentration_in_serum/plasma/test/coding/display","https://crm.d4k.dk/dataset/observation/test/coding/display","f5641ef3-4a5f-440d-81b3-0bd54709eff1"
"632","value","https://bc.d4k.dk/cdisc/bc_instance/albumin_concentration_in_serum/plasma/result/quantity/value","","8d80e9c5-4f34-4c88-8959-7b5471b226ea"
"633","code","https://bc.d4k.dk/cdisc/bc_instance/albumin_concentration_in_serum/plasma/result/quantity/code","","66fdfd8c-9d63-46e6-9dd3-97bea3e6bab2"
"634","unit","https://bc.d4k.dk/cdisc/bc_instance/albumin_concentration_in_serum/plasma/result/quantity/unit","","451a48b4-192d-4c33-bd03-b9fbfaa18803"
"635","system","https://bc.d4k.dk/cdisc/bc_instance/albumin_concentration_in_serum/plasma/result/quantity/system","","55a5c900-d486-4b09-8756-aa88de1a1259"
"636","comparator","https://bc.d4k.dk/cdisc/bc_instance/albumin_concentration_in_serum/plasma/result/quantity/comparator","","24dee798-16cc-4883-b149-db8382a968c9"
"637","code","https://bc.d4k.dk/cdisc/bc_instance/albumin_concentration_in_serum/plasma/specimen/coding/code","","4cc50f14-3000-4374-941e-0e7b67378dba"
"638","user selected","https://bc.d4k.dk/cdisc/bc_instance/albumin_concentration_in_serum/plasma/specimen/coding/user_selected","","738f9efb-a23a-4176-a690-8f645a30ba7a"
"639","version","https://bc.d4k.dk/cdisc/bc_instance/albumin_concentration_in_serum/plasma/specimen/coding/version","","30436139-e39e-43e4-a2d3-a7a412a60bb9"
"640","system","https://bc.d4k.dk/cdisc/bc_instance/albumin_concentration_in_serum/plasma/specimen/coding/system","","19037a97-371e-43ac-a902-24c005607ad8"
"641","display","https://bc.d4k.dk/cdisc/bc_instance/albumin_concentration_in_serum/plasma/specimen/coding/display","","59a1c439-23f9-4a95-8d9c-c6bebe1bd602"
"642","code","https://bc.d4k.dk/cdisc/bc_instance/body_mass_index/test/coding/code","https://crm.d4k.dk/dataset/observation/test/coding/code","45784ebb-c07c-4a2f-9d76-fec23f74c91e"
"643","user selected","https://bc.d4k.dk/cdisc/bc_instance/body_mass_index/test/coding/user_selected","https://crm.d4k.dk/dataset/observation/test/coding/user_selected","bd8d7e0e-f39b-471a-8bcc-31f39bd8ee8c"
"644","version","https://bc.d4k.dk/cdisc/bc_instance/body_mass_index/test/coding/version","https://crm.d4k.dk/dataset/observation/test/coding/version","785a7959-f369-42fd-9561-0e7c5448dcd6"
"645","system","https://bc.d4k.dk/cdisc/bc_instance/body_mass_index/test/coding/system","https://crm.d4k.dk/dataset/observation/test/coding/system","8153cba2-0bec-4d29-971d-21bb174a8968"
"646","display","https://bc.d4k.dk/cdisc/bc_instance/body_mass_index/test/coding/display","https://crm.d4k.dk/dataset/observation/test/coding/display","6193746d-97c1-4471-9f8a-d533e10711b6"
"647","value","https://bc.d4k.dk/cdisc/bc_instance/body_mass_index/result/quantity/value","https://crm.d4k.dk/dataset/observation/observation_result/result/quantity/value","1edbdcc0-a296-4d93-a760-2c89e7bae429"
"648","code","https://bc.d4k.dk/cdisc/bc_instance/body_mass_index/result/quantity/code","https://crm.d4k.dk/dataset/observation/observation_result/result/quantity/code","d5276d60-9631-4b05-90e5-928109c74dd6"
"649","unit","https://bc.d4k.dk/cdisc/bc_instance/body_mass_index/result/quantity/unit","https://crm.d4k.dk/dataset/observation/observation_result/result/quantity/unit","09424a4c-c80f-47d2-a1f7-71c4ac8ace5d"
"650","system","https://bc.d4k.dk/cdisc/bc_instance/body_mass_index/result/quantity/system","https://crm.d4k.dk/dataset/observation/observation_result/result/quantity/system","973eeb19-c98f-4010-a7e3-bd5e3e419ad7"
"651","comparator","https://bc.d4k.dk/cdisc/bc_instance/body_mass_index/result/quantity/comparator","https://crm.d4k.dk/dataset/observation/observation_result/result/quantity/comparator","3b6d09e0-777a-4110-8402-c079fdb05c7f"
"652","code","https://bc.d4k.dk/cdisc/bc_instance/glucose_concentration_in_blood/test/coding/code","https://crm.d4k.dk/dataset/observation/test/coding/code","f3cf4454-b3b7-4fba-9c9d-bbe898b22448"
"653","user selected","https://bc.d4k.dk/cdisc/bc_instance/glucose_concentration_in_blood/test/coding/user_selected","https://crm.d4k.dk/dataset/observation/test/coding/user_selected","5b2ead46-6d31-4406-bb48-04a52e4ef94a"
"654","version","https://bc.d4k.dk/cdisc/bc_instance/glucose_concentration_in_blood/test/coding/version","https://crm.d4k.dk/dataset/observation/test/coding/version","c52db3f5-aefa-4ebe-bbb8-f3246805e316"
"655","system","https://bc.d4k.dk/cdisc/bc_instance/glucose_concentration_in_blood/test/coding/system","https://crm.d4k.dk/dataset/observation/test/coding/system","c925119a-3a08-43bd-9e8c-c0e7ebe162ab"
"656","display","https://bc.d4k.dk/cdisc/bc_instance/glucose_concentration_in_blood/test/coding/display","https://crm.d4k.dk/dataset/observation/test/coding/display","6651cef1-348f-4fec-9c8d-eba52d83d512"
"657","value","https://bc.d4k.dk/cdisc/bc_instance/glucose_concentration_in_blood/result/quantity/value","","8853262e-7d80-4342-8032-c5c3eea307f0"
"658","code","https://bc.d4k.dk/cdisc/bc_instance/glucose_concentration_in_blood/result/quantity/code","","ed706d80-030c-4ba8-ac15-93f419578249"
"659","unit","https://bc.d4k.dk/cdisc/bc_instance/glucose_concentration_in_blood/result/quantity/unit","","17655868-fecd-48ec-bb01-22243dbd98df"
"660","system","https://bc.d4k.dk/cdisc/bc_instance/glucose_concentration_in_blood/result/quantity/system","","ef7f83e2-36b4-4bdd-a542-8ace9cadf479"
"661","comparator","https://bc.d4k.dk/cdisc/bc_instance/glucose_concentration_in_blood/result/quantity/comparator","","e4aae554-d153-462f-a0c5-b8328a895182"
"662","code","https://bc.d4k.dk/cdisc/bc_instance/glucose_concentration_in_blood/specimen/coding/code","","202542a2-a390-492f-a240-88ecf7130d64"
"663","user selected","https://bc.d4k.dk/cdisc/bc_instance/glucose_concentration_in_blood/specimen/coding/user_selected","","e1eb3293-19ba-45b3-a43b-7dd14e54dc09"
"664","version","https://bc.d4k.dk/cdisc/bc_instance/glucose_concentration_in_blood/specimen/coding/version","","52e59948-3d46-4b9a-a582-29c6c4cf1492"
"665","system","https://bc.d4k.dk/cdisc/bc_instance/glucose_concentration_in_blood/specimen/coding/system","","3ad85ecf-13d8-44c6-ac5b-388c52ff1033"
"666","display","https://bc.d4k.dk/cdisc/bc_instance/glucose_concentration_in_blood/specimen/coding/display","","d4d5bbd4-f135-4c8f-9afc-f40188442f43"
"667","code","https://bc.d4k.dk/cdisc/bc_instance/glucose_concentration_in_blood/method/coding/code","","68d212c5-f065-4666-a2d7-a2354b959f00"
"668","user selected","https://bc.d4k.dk/cdisc/bc_instance/glucose_concentration_in_blood/method/coding/user_selected","","b44e6904-7f3d-4e05-8efe-f9d7095415bf"
"669","version","https://bc.d4k.dk/cdisc/bc_instance/glucose_concentration_in_blood/method/coding/version","","5ae70a2e-2a9e-42d1-a18b-3d00bc938fb8"
"670","system","https://bc.d4k.dk/cdisc/bc_instance/glucose_concentration_in_blood/method/coding/system","","42c6ee99-d6c5-4f23-8f39-db6260b749a7"
"671","display","https://bc.d4k.dk/cdisc/bc_instance/glucose_concentration_in_blood/method/coding/display","","c9203903-4c58-418f-abd9-572451592f4a"
"672","code","https://bc.d4k.dk/cdisc/bc_instance/glucose_concentration_in_urine/test/coding/code","https://crm.d4k.dk/dataset/observation/test/coding/code","e76170dc-aa2b-433f-b64e-5150083b4608"
"673","user selected","https://bc.d4k.dk/cdisc/bc_instance/glucose_concentration_in_urine/test/coding/user_selected","https://crm.d4k.dk/dataset/observation/test/coding/user_selected","a6ded9b7-bc70-4e8e-83ae-55d8c25f6f83"
"674","version","https://bc.d4k.dk/cdisc/bc_instance/glucose_concentration_in_urine/test/coding/version","https://crm.d4k.dk/dataset/observation/test/coding/version","dce1db03-b9cc-4dc8-8032-313b51fc87e6"
"675","system","https://bc.d4k.dk/cdisc/bc_instance/glucose_concentration_in_urine/test/coding/system","https://crm.d4k.dk/dataset/observation/test/coding/system","a128f835-07cc-46d3-9777-8aba6170d622"
"676","display","https://bc.d4k.dk/cdisc/bc_instance/glucose_concentration_in_urine/test/coding/display","https://crm.d4k.dk/dataset/observation/test/coding/display","0134c2b3-ca26-456e-aa06-4e56474e8c81"
"677","code","https://bc.d4k.dk/cdisc/bc_instance/glucose_concentration_in_urine/result/coding/code","","c37e0a4c-7b4c-4d49-b6d0-3e18fecef88b"
"678","user selected","https://bc.d4k.dk/cdisc/bc_instance/glucose_concentration_in_urine/result/coding/user_selected","","e526605f-5bf0-4305-a1d3-e1ebbe94129c"
"679","version","https://bc.d4k.dk/cdisc/bc_instance/glucose_concentration_in_urine/result/coding/version","","82b2860c-64a2-4ee2-96de-cf0c6d10891b"
"680","system","https://bc.d4k.dk/cdisc/bc_instance/glucose_concentration_in_urine/result/coding/system","","58f05dc9-9319-4382-b645-234a9f05dc90"
"681","display","https://bc.d4k.dk/cdisc/bc_instance/glucose_concentration_in_urine/result/coding/display","","44d7808f-c20b-4803-bd59-d8892c972c74"
"682","code","https://bc.d4k.dk/cdisc/bc_instance/glucose_concentration_in_urine/specimen/coding/code","","353ef26c-32dd-418a-9874-d3180317afb0"
"683","user selected","https://bc.d4k.dk/cdisc/bc_instance/glucose_concentration_in_urine/specimen/coding/user_selected","","e11fa05f-4a9b-418f-ac48-a1654bdc69e4"
"684","version","https://bc.d4k.dk/cdisc/bc_instance/glucose_concentration_in_urine/specimen/coding/version","","c6ac083b-0e1a-4eb8-870a-55bf57c7fb76"
"685","system","https://bc.d4k.dk/cdisc/bc_instance/glucose_concentration_in_urine/specimen/coding/system","","650768d6-9009-4914-bb63-a13515afa173"
"686","display","https://bc.d4k.dk/cdisc/bc_instance/glucose_concentration_in_urine/specimen/coding/display","","1e7661d4-7ba2-4955-948d-0673f0524a52"
"687","code","https://bc.d4k.dk/cdisc/bc_instance/temperature/test/coding/code","https://crm.d4k.dk/dataset/observation/test/coding/code","3cb62869-17ea-4200-bc73-3dc9765182c1"
"688","user selected","https://bc.d4k.dk/cdisc/bc_instance/temperature/test/coding/user_selected","https://crm.d4k.dk/dataset/observation/test/coding/user_selected","6b20eb17-0829-4cfd-b91b-c8f02e4fcf2d"
"689","version","https://bc.d4k.dk/cdisc/bc_instance/temperature/test/coding/version","https://crm.d4k.dk/dataset/observation/test/coding/version","f1b49121-9e77-462c-af75-076f92cec8d8"
"690","system","https://bc.d4k.dk/cdisc/bc_instance/temperature/test/coding/system","https://crm.d4k.dk/dataset/observation/test/coding/system","96b7746e-f33c-4b1e-b716-8e740c59e4c0"
"691","display","https://bc.d4k.dk/cdisc/bc_instance/temperature/test/coding/display","https://crm.d4k.dk/dataset/observation/test/coding/display","0d17478c-8dad-419f-a6ad-3840d24a9415"
"692","value","https://bc.d4k.dk/cdisc/bc_instance/temperature/result/quantity/value","https://crm.d4k.dk/dataset/observation/observation_result/result/quantity/value","9b183a53-340e-4ce8-aeaf-935e0b7be9b5"
"693","code","https://bc.d4k.dk/cdisc/bc_instance/temperature/result/quantity/code","https://crm.d4k.dk/dataset/observation/observation_result/result/quantity/code","1e958182-b3db-403c-a598-cf3b3317c58d"
"694","unit","https://bc.d4k.dk/cdisc/bc_instance/temperature/result/quantity/unit","https://crm.d4k.dk/dataset/observation/observation_result/result/quantity/unit","93cc025a-a987-4dd9-bd87-ac2c48a1315f"
"695","system","https://bc.d4k.dk/cdisc/bc_instance/temperature/result/quantity/system","https://crm.d4k.dk/dataset/observation/observation_result/result/quantity/system","a0c933ec-0c60-41be-84b1-f593e3c89736"
"696","comparator","https://bc.d4k.dk/cdisc/bc_instance/temperature/result/quantity/comparator","https://crm.d4k.dk/dataset/observation/observation_result/result/quantity/comparator","1c6e9bf7-e422-409e-ad4f-f2101d0caae1"
"697","code","https://bc.d4k.dk/cdisc/bc_instance/temperature/site_of_administration/coding/code","","69c4fa76-32b7-4e80-bc55-6564106e0729"
"698","user selected","https://bc.d4k.dk/cdisc/bc_instance/temperature/site_of_administration/coding/user_selected","","a890c26d-4d1d-418b-b4dd-9c90e7695f0e"
"699","version","https://bc.d4k.dk/cdisc/bc_instance/temperature/site_of_administration/coding/version","","d195386d-e345-411c-bdbf-0b14532c8de9"
"700","system","https://bc.d4k.dk/cdisc/bc_instance/temperature/site_of_administration/coding/system","","f506c1f9-0cb0-46b6-a8bc-6e540c77739b"
"701","display","https://bc.d4k.dk/cdisc/bc_instance/temperature/site_of_administration/coding/display","","7f98e527-8cba-4038-95be-76a09f469534"
"702","code","https://bc.d4k.dk/cdisc/bc_instance/creatinine_concentration_in_urine/test/coding/code","https://crm.d4k.dk/dataset/observation/test/coding/code","2399da6f-937d-4801-a05a-e0bece80e9bf"
"703","user selected","https://bc.d4k.dk/cdisc/bc_instance/creatinine_concentration_in_urine/test/coding/user_selected","https://crm.d4k.dk/dataset/observation/test/coding/user_selected","468c1989-6f5d-48c3-b8f5-2d6a9d83053d"
"704","version","https://bc.d4k.dk/cdisc/bc_instance/creatinine_concentration_in_urine/test/coding/version","https://crm.d4k.dk/dataset/observation/test/coding/version","a365ef56-e70e-4a78-bc8e-5bf085b59651"
"705","system","https://bc.d4k.dk/cdisc/bc_instance/creatinine_concentration_in_urine/test/coding/system","https://crm.d4k.dk/dataset/observation/test/coding/system","e4f4ba7d-451c-40b6-b416-630cb15d1c5f"
"706","display","https://bc.d4k.dk/cdisc/bc_instance/creatinine_concentration_in_urine/test/coding/display","https://crm.d4k.dk/dataset/observation/test/coding/display","b3590448-785b-48f2-82c1-a33ad3e2ab5a"
"707","value","https://bc.d4k.dk/cdisc/bc_instance/creatinine_concentration_in_urine/result/quantity/value","","22ff023b-e8cf-40b6-94e3-8cb18c7ae7ed"
"708","code","https://bc.d4k.dk/cdisc/bc_instance/creatinine_concentration_in_urine/result/quantity/code","","6ca285ed-12bc-416f-ba78-e5da1cb348ea"
"709","unit","https://bc.d4k.dk/cdisc/bc_instance/creatinine_concentration_in_urine/result/quantity/unit","","b89c1690-7584-44c0-b66a-42b19bc898f3"
"710","system","https://bc.d4k.dk/cdisc/bc_instance/creatinine_concentration_in_urine/result/quantity/system","","f6162985-1e37-4c99-8051-beb64765d629"
"711","comparator","https://bc.d4k.dk/cdisc/bc_instance/creatinine_concentration_in_urine/result/quantity/comparator","","193e216c-8056-4dc8-9010-c3cd81c32e19"
"712","code","https://bc.d4k.dk/cdisc/bc_instance/creatinine_concentration_in_urine/specimen/coding/code","","afb402ba-fe71-4122-8774-9f220bd2ed4b"
"713","user selected","https://bc.d4k.dk/cdisc/bc_instance/creatinine_concentration_in_urine/specimen/coding/user_selected","","cd157824-74b7-4797-9b53-d40bb6563591"
"714","version","https://bc.d4k.dk/cdisc/bc_instance/creatinine_concentration_in_urine/specimen/coding/version","","90f8c97c-7a6c-4fa2-8cd4-4fe3e58d4382"
"715","system","https://bc.d4k.dk/cdisc/bc_instance/creatinine_concentration_in_urine/specimen/coding/system","","b3ad7689-3729-4fce-a19e-44bbe442f3b3"
"716","display","https://bc.d4k.dk/cdisc/bc_instance/creatinine_concentration_in_urine/specimen/coding/display","","bb7c6a28-c5a7-4fad-ae32-470bda4ee5a5"
"717","code","https://bc.d4k.dk/cdisc/bc_instance/albumin_concentration_in_urine/test/coding/code","https://crm.d4k.dk/dataset/observation/test/coding/code","bc781f7e-8f7f-4aff-beba-12c56e14897e"
"718","user selected","https://bc.d4k.dk/cdisc/bc_instance/albumin_concentration_in_urine/test/coding/user_selected","https://crm.d4k.dk/dataset/observation/test/coding/user_selected","f28142d7-9c92-40c8-bd9c-60de297dba0a"
"719","version","https://bc.d4k.dk/cdisc/bc_instance/albumin_concentration_in_urine/test/coding/version","https://crm.d4k.dk/dataset/observation/test/coding/version","c60a0c90-616f-4712-918c-be3244559b12"
"720","system","https://bc.d4k.dk/cdisc/bc_instance/albumin_concentration_in_urine/test/coding/system","https://crm.d4k.dk/dataset/observation/test/coding/system","801a787f-0e21-42dc-b823-4eb83ba454c3"
"721","display","https://bc.d4k.dk/cdisc/bc_instance/albumin_concentration_in_urine/test/coding/display","https://crm.d4k.dk/dataset/observation/test/coding/display","e6bf2c67-928e-4c9c-8327-6e945c25fe50"
"722","value","https://bc.d4k.dk/cdisc/bc_instance/albumin_concentration_in_urine/result/quantity/value","","0d92867e-ce5b-447b-bc1b-2344a3853af9"
"723","code","https://bc.d4k.dk/cdisc/bc_instance/albumin_concentration_in_urine/result/quantity/code","","73e43617-1502-4041-86e4-96e1bd4a02b9"
"724","unit","https://bc.d4k.dk/cdisc/bc_instance/albumin_concentration_in_urine/result/quantity/unit","","22ed3053-2e36-4142-8a26-431ca8de066a"
"725","system","https://bc.d4k.dk/cdisc/bc_instance/albumin_concentration_in_urine/result/quantity/system","","650df3af-d961-41c7-9ef1-05f4ff26cab2"
"726","comparator","https://bc.d4k.dk/cdisc/bc_instance/albumin_concentration_in_urine/result/quantity/comparator","","de6aad29-c946-49f6-a14a-8a47cd4ed19b"
"727","code","https://bc.d4k.dk/cdisc/bc_instance/albumin_concentration_in_urine/specimen/coding/code","","c05538c3-283a-4e05-98e2-22b134cfc5f5"
"728","user selected","https://bc.d4k.dk/cdisc/bc_instance/albumin_concentration_in_urine/specimen/coding/user_selected","","fbf67321-4b7b-4e66-ba7d-931e240775db"
"729","version","https://bc.d4k.dk/cdisc/bc_instance/albumin_concentration_in_urine/specimen/coding/version","","dbc68301-88f1-4a3d-a686-65fc982ab1a5"
"730","system","https://bc.d4k.dk/cdisc/bc_instance/albumin_concentration_in_urine/specimen/coding/system","","c4e92994-c3a0-4d1c-b69f-a777643551fc"
"731","display","https://bc.d4k.dk/cdisc/bc_instance/albumin_concentration_in_urine/specimen/coding/display","","ac5d8a5f-c381-4121-bb7c-1d278701d398"
"732","code","https://bc.d4k.dk/cdisc/bc_instance/creatinine_concentration_in_serum/plasma/test/coding/code","https://crm.d4k.dk/dataset/observation/test/coding/code","1b78bfab-fab3-4e98-99c3-7c3bcbf0a97c"
"733","user selected","https://bc.d4k.dk/cdisc/bc_instance/creatinine_concentration_in_serum/plasma/test/coding/user_selected","https://crm.d4k.dk/dataset/observation/test/coding/user_selected","eacdfe70-5940-4aa8-a46e-e861f3d3a69b"
"734","version","https://bc.d4k.dk/cdisc/bc_instance/creatinine_concentration_in_serum/plasma/test/coding/version","https://crm.d4k.dk/dataset/observation/test/coding/version","be65d7b5-496e-4275-bade-4e8a26a4eff8"
"735","system","https://bc.d4k.dk/cdisc/bc_instance/creatinine_concentration_in_serum/plasma/test/coding/system","https://crm.d4k.dk/dataset/observation/test/coding/system","89f2fd6a-0fdb-43d5-9b13-22fb7f383c46"
"736","display","https://bc.d4k.dk/cdisc/bc_instance/creatinine_concentration_in_serum/plasma/test/coding/display","https://crm.d4k.dk/dataset/observation/test/coding/display","92b0e417-a4c3-4771-9e66-067ab488e457"
"737","value","https://bc.d4k.dk/cdisc/bc_instance/creatinine_concentration_in_serum/plasma/result/quantity/value","","729a7a91-5eee-428f-8f9d-cf75ed17afe6"
"738","code","https://bc.d4k.dk/cdisc/bc_instance/creatinine_concentration_in_serum/plasma/result/quantity/code","","891829b2-50ec-4f63-81a8-2e197c2b9b1b"
"739","unit","https://bc.d4k.dk/cdisc/bc_instance/creatinine_concentration_in_serum/plasma/result/quantity/unit","","e59378a0-8ce4-4b35-9143-f9dff111b4a2"
"740","system","https://bc.d4k.dk/cdisc/bc_instance/creatinine_concentration_in_serum/plasma/result/quantity/system","","f2b3ffe5-7ada-4a6e-ac3f-8ab303a00be6"
"741","comparator","https://bc.d4k.dk/cdisc/bc_instance/creatinine_concentration_in_serum/plasma/result/quantity/comparator","","3dac685c-1068-462b-b39f-41a70c864ece"
"742","code","https://bc.d4k.dk/cdisc/bc_instance/creatinine_concentration_in_serum/plasma/specimen/coding/code","","1c52bfdf-df4f-41fb-ac18-49b4da83d3ce"
"743","user selected","https://bc.d4k.dk/cdisc/bc_instance/creatinine_concentration_in_serum/plasma/specimen/coding/user_selected","","e22914e2-9837-4d5b-8634-5249ffdf09e3"
"744","version","https://bc.d4k.dk/cdisc/bc_instance/creatinine_concentration_in_serum/plasma/specimen/coding/version","","d9e3af08-e18c-4958-8175-5af04f76074a"
"745","system","https://bc.d4k.dk/cdisc/bc_instance/creatinine_concentration_in_serum/plasma/specimen/coding/system","","27897e94-f3a0-4c2b-8879-42b8ec12fc06"
"746","display","https://bc.d4k.dk/cdisc/bc_instance/creatinine_concentration_in_serum/plasma/specimen/coding/display","","088b0be6-f9aa-40a4-af1d-e17d055fe684"
"747","code","https://bc.d4k.dk/cdisc/bc_instance/aspartate_aminotransferase_in_serum/plasma/test/coding/code","https://crm.d4k.dk/dataset/observation/test/coding/code","bb7789d5-d87f-4691-a03a-9b8d3bcb6f3f"
"748","user selected","https://bc.d4k.dk/cdisc/bc_instance/aspartate_aminotransferase_in_serum/plasma/test/coding/user_selected","https://crm.d4k.dk/dataset/observation/test/coding/user_selected","56b163b8-4ba4-4d6f-87f6-32c7436ecf5f"
"749","version","https://bc.d4k.dk/cdisc/bc_instance/aspartate_aminotransferase_in_serum/plasma/test/coding/version","https://crm.d4k.dk/dataset/observation/test/coding/version","4bb90676-ab93-4cee-a838-fa775679ca5d"
"750","system","https://bc.d4k.dk/cdisc/bc_instance/aspartate_aminotransferase_in_serum/plasma/test/coding/system","https://crm.d4k.dk/dataset/observation/test/coding/system","933fa052-0283-49f6-8684-eaf58e288416"
"751","display","https://bc.d4k.dk/cdisc/bc_instance/aspartate_aminotransferase_in_serum/plasma/test/coding/display","https://crm.d4k.dk/dataset/observation/test/coding/display","e61957f2-fe09-414f-a2ed-e23305078d38"
"752","value","https://bc.d4k.dk/cdisc/bc_instance/aspartate_aminotransferase_in_serum/plasma/result/quantity/value","","bd80c647-c769-47db-b0ac-f93798a43184"
"753","code","https://bc.d4k.dk/cdisc/bc_instance/aspartate_aminotransferase_in_serum/plasma/result/quantity/code","","66256f31-fe97-42ec-bb15-d49d558ddc0e"
"754","unit","https://bc.d4k.dk/cdisc/bc_instance/aspartate_aminotransferase_in_serum/plasma/result/quantity/unit","","4dfb88ab-b0d4-4104-88d3-e82f345327c0"
"755","system","https://bc.d4k.dk/cdisc/bc_instance/aspartate_aminotransferase_in_serum/plasma/result/quantity/system","","8ec28f49-85f7-4107-baf3-0e3e77e6a78c"
"756","comparator","https://bc.d4k.dk/cdisc/bc_instance/aspartate_aminotransferase_in_serum/plasma/result/quantity/comparator","","b8234bfa-ec66-4791-8040-d36893744de8"
"757","code","https://bc.d4k.dk/cdisc/bc_instance/aspartate_aminotransferase_in_serum/plasma/specimen/coding/code","","a4dde73b-a593-4ee4-8907-3341c58046af"
"758","user selected","https://bc.d4k.dk/cdisc/bc_instance/aspartate_aminotransferase_in_serum/plasma/specimen/coding/user_selected","","f745f8fa-a0d1-47cb-8384-4e8d0e0335fe"
"759","version","https://bc.d4k.dk/cdisc/bc_instance/aspartate_aminotransferase_in_serum/plasma/specimen/coding/version","","30157071-65dd-4843-b80e-f88829c00705"
"760","system","https://bc.d4k.dk/cdisc/bc_instance/aspartate_aminotransferase_in_serum/plasma/specimen/coding/system","","ddb1acd9-83ee-4569-a69b-95a2f4fdd0f2"
"761","display","https://bc.d4k.dk/cdisc/bc_instance/aspartate_aminotransferase_in_serum/plasma/specimen/coding/display","","6b42cda0-5747-4fa7-b4a9-739996add5cb"
"762","code","https://bc.d4k.dk/cdisc/bc_instance/waist_circumference/test/coding/code","https://crm.d4k.dk/dataset/observation/test/coding/code","4aa53b8d-8a17-4f29-b295-673c309b8121"
"763","user selected","https://bc.d4k.dk/cdisc/bc_instance/waist_circumference/test/coding/user_selected","https://crm.d4k.dk/dataset/observation/test/coding/user_selected","0419243a-d559-4269-980c-325ae710bc24"
"764","version","https://bc.d4k.dk/cdisc/bc_instance/waist_circumference/test/coding/version","https://crm.d4k.dk/dataset/observation/test/coding/version","1fd97928-b35b-45f6-9800-7d6be57f8f08"
"765","system","https://bc.d4k.dk/cdisc/bc_instance/waist_circumference/test/coding/system","https://crm.d4k.dk/dataset/observation/test/coding/system","572d97b4-074e-4d41-a515-b8731207e00a"
"766","display","https://bc.d4k.dk/cdisc/bc_instance/waist_circumference/test/coding/display","https://crm.d4k.dk/dataset/observation/test/coding/display","891d9d42-f3e1-4069-94c3-91d4e1b7bd57"
"767","value","https://bc.d4k.dk/cdisc/bc_instance/waist_circumference/result/quantity/value","https://crm.d4k.dk/dataset/observation/observation_result/result/quantity/value","8d147ff3-a83d-4e74-9776-5ff001519998"
"768","code","https://bc.d4k.dk/cdisc/bc_instance/waist_circumference/result/quantity/code","https://crm.d4k.dk/dataset/observation/observation_result/result/quantity/code","68640797-4c19-4f55-b9c8-f5d2912e150c"
"769","unit","https://bc.d4k.dk/cdisc/bc_instance/waist_circumference/result/quantity/unit","https://crm.d4k.dk/dataset/observation/observation_result/result/quantity/unit","5301b5d1-50e2-4541-a050-dec392e08249"
"770","system","https://bc.d4k.dk/cdisc/bc_instance/waist_circumference/result/quantity/system","https://crm.d4k.dk/dataset/observation/observation_result/result/quantity/system","fba87a0e-c151-4371-a2f7-7c6b44ad3c2b"
"771","comparator","https://bc.d4k.dk/cdisc/bc_instance/waist_circumference/result/quantity/comparator","https://crm.d4k.dk/dataset/observation/observation_result/result/quantity/comparator","4cd01e7e-f7be-4b66-8277-ad8bb16c0e43"
"772","code","https://bc.d4k.dk/cdisc/bc_instance/waist_circumference/site_of_administration/coding/code","","70bbdd67-98df-4dfd-af41-236f2de9ec9e"
"773","user selected","https://bc.d4k.dk/cdisc/bc_instance/waist_circumference/site_of_administration/coding/user_selected","","b4fb8f0e-69fb-4c6a-9939-a8140e861eab"
"774","version","https://bc.d4k.dk/cdisc/bc_instance/waist_circumference/site_of_administration/coding/version","","724f851d-8159-4bf9-a982-f07975dc7bbf"
"775","system","https://bc.d4k.dk/cdisc/bc_instance/waist_circumference/site_of_administration/coding/system","","ca9a3c9f-5492-46f7-9c41-9b4af4fe8755"
"776","display","https://bc.d4k.dk/cdisc/bc_instance/waist_circumference/site_of_administration/coding/display","","6e07e78b-7c2d-4bef-8b52-d48d362e9c80"
"777","code","https://bc.d4k.dk/cdisc/bc_instance/hemoglobin_in_blood_by_dipstick/test/coding/code","https://crm.d4k.dk/dataset/observation/test/coding/code","c55b8f7a-5757-4a5a-823b-8feaca394611"
"778","user selected","https://bc.d4k.dk/cdisc/bc_instance/hemoglobin_in_blood_by_dipstick/test/coding/user_selected","https://crm.d4k.dk/dataset/observation/test/coding/user_selected","42981984-6693-4e2b-a189-3aa148e102d6"
"779","version","https://bc.d4k.dk/cdisc/bc_instance/hemoglobin_in_blood_by_dipstick/test/coding/version","https://crm.d4k.dk/dataset/observation/test/coding/version","a462eb58-9fc7-4664-b838-670afecf5c49"
"780","system","https://bc.d4k.dk/cdisc/bc_instance/hemoglobin_in_blood_by_dipstick/test/coding/system","https://crm.d4k.dk/dataset/observation/test/coding/system","7cd59c0d-8aa4-4e31-801e-d0278ffb90c0"
"781","display","https://bc.d4k.dk/cdisc/bc_instance/hemoglobin_in_blood_by_dipstick/test/coding/display","https://crm.d4k.dk/dataset/observation/test/coding/display","d1c9d376-c92e-4d65-96fa-2eaa1b967dea"
"782","value","https://bc.d4k.dk/cdisc/bc_instance/hemoglobin_in_blood_by_dipstick/result/quantity/value","","693fcafc-490d-4a09-a215-cceb8efe0341"
"783","code","https://bc.d4k.dk/cdisc/bc_instance/hemoglobin_in_blood_by_dipstick/result/quantity/code","","c0a8a7da-f747-4278-9bbd-fb759045db8b"
"784","unit","https://bc.d4k.dk/cdisc/bc_instance/hemoglobin_in_blood_by_dipstick/result/quantity/unit","","825abb97-b67a-498c-a3a5-04fb7f2a633a"
"785","system","https://bc.d4k.dk/cdisc/bc_instance/hemoglobin_in_blood_by_dipstick/result/quantity/system","","3f999465-4cad-4496-be5d-0260321537ac"
"786","comparator","https://bc.d4k.dk/cdisc/bc_instance/hemoglobin_in_blood_by_dipstick/result/quantity/comparator","","8d2b1058-478f-4f88-9729-560b3dbf7c16"
"787","code","https://bc.d4k.dk/cdisc/bc_instance/hemoglobin_in_blood_by_dipstick/specimen/coding/code","","578790aa-e9ed-4cd8-b9fe-227cd25e7b83"
"788","user selected","https://bc.d4k.dk/cdisc/bc_instance/hemoglobin_in_blood_by_dipstick/specimen/coding/user_selected","","900a1a48-957f-46a6-ba6f-67d8582f4dbb"
"789","version","https://bc.d4k.dk/cdisc/bc_instance/hemoglobin_in_blood_by_dipstick/specimen/coding/version","","29edb6af-aa03-4b72-a536-5fc8478be1d6"
"790","system","https://bc.d4k.dk/cdisc/bc_instance/hemoglobin_in_blood_by_dipstick/specimen/coding/system","","f0479a1e-92f4-4c2c-ab37-15a5777a813c"
"791","display","https://bc.d4k.dk/cdisc/bc_instance/hemoglobin_in_blood_by_dipstick/specimen/coding/display","","e212f8e5-b74e-46d7-8909-4e4ce3c0bedf"
"792","code","https://bc.d4k.dk/cdisc/bc_instance/hemoglobin_in_blood_by_dipstick/method/coding/code","","9e89b9db-5f35-4b0c-94a6-276f61f29f82"
"793","user selected","https://bc.d4k.dk/cdisc/bc_instance/hemoglobin_in_blood_by_dipstick/method/coding/user_selected","","f935c99d-0041-42c4-8e50-6a997016b8ec"
"794","version","https://bc.d4k.dk/cdisc/bc_instance/hemoglobin_in_blood_by_dipstick/method/coding/version","","f0b6d6a8-c5ab-44f5-ab28-2fdb213865db"
"795","system","https://bc.d4k.dk/cdisc/bc_instance/hemoglobin_in_blood_by_dipstick/method/coding/system","","3c50cfed-6bf4-488b-8e94-609fe1028cf1"
"796","display","https://bc.d4k.dk/cdisc/bc_instance/hemoglobin_in_blood_by_dipstick/method/coding/display","","89bd26e4-71ae-483b-8205-6cf8907b50c0"
"797","code","https://bc.d4k.dk/cdisc/bc_instance/hemoglobin_concentration_in_blood/test/coding/code","https://crm.d4k.dk/dataset/observation/test/coding/code","b8de36c9-df98-48bc-b45e-2948800e883b"
"798","user selected","https://bc.d4k.dk/cdisc/bc_instance/hemoglobin_concentration_in_blood/test/coding/user_selected","https://crm.d4k.dk/dataset/observation/test/coding/user_selected","1f0a3f82-9cc9-4d09-8302-32c49c277557"
"799","version","https://bc.d4k.dk/cdisc/bc_instance/hemoglobin_concentration_in_blood/test/coding/version","https://crm.d4k.dk/dataset/observation/test/coding/version","448a883e-a1be-44c6-8956-8669b36693ee"
"800","system","https://bc.d4k.dk/cdisc/bc_instance/hemoglobin_concentration_in_blood/test/coding/system","https://crm.d4k.dk/dataset/observation/test/coding/system","e0024ca5-8237-47fc-ad5c-b7c13594013c"
"801","display","https://bc.d4k.dk/cdisc/bc_instance/hemoglobin_concentration_in_blood/test/coding/display","https://crm.d4k.dk/dataset/observation/test/coding/display","4568e486-e314-4243-b5a6-f446ab7ce705"
"802","value","https://bc.d4k.dk/cdisc/bc_instance/hemoglobin_concentration_in_blood/result/quantity/value","","473e7672-71ec-4f9e-9e42-53029a383461"
"803","code","https://bc.d4k.dk/cdisc/bc_instance/hemoglobin_concentration_in_blood/result/quantity/code","","2410c68d-c9ff-4144-81ed-ac86beda25a5"
"804","unit","https://bc.d4k.dk/cdisc/bc_instance/hemoglobin_concentration_in_blood/result/quantity/unit","","d68a734d-d7d2-44d5-b4c7-e3bc75487fff"
"805","system","https://bc.d4k.dk/cdisc/bc_instance/hemoglobin_concentration_in_blood/result/quantity/system","","1d7cd09d-b7b3-4add-9c9c-ba819229429d"
"806","comparator","https://bc.d4k.dk/cdisc/bc_instance/hemoglobin_concentration_in_blood/result/quantity/comparator","","733ecc32-8031-4e2c-95e6-e71a9f460653"
"807","code","https://bc.d4k.dk/cdisc/bc_instance/hemoglobin_concentration_in_blood/specimen/coding/code","","307efcec-d56c-4d1b-b7b3-d1e557758364"
"808","user selected","https://bc.d4k.dk/cdisc/bc_instance/hemoglobin_concentration_in_blood/specimen/coding/user_selected","","45a3579d-0484-483a-8853-0fbe3a62b102"
"809","version","https://bc.d4k.dk/cdisc/bc_instance/hemoglobin_concentration_in_blood/specimen/coding/version","","b2cd94c8-1799-43a9-a775-a2f520dc79e9"
"810","system","https://bc.d4k.dk/cdisc/bc_instance/hemoglobin_concentration_in_blood/specimen/coding/system","","0b6dd1c7-803d-4c0d-bda9-26300765c582"
"811","display","https://bc.d4k.dk/cdisc/bc_instance/hemoglobin_concentration_in_blood/specimen/coding/display","","2d544c10-867a-4ffb-b94b-2c9a444ea203"
"812","code","https://bc.d4k.dk/cdisc/bc_instance/frame_size/test/coding/code","https://crm.d4k.dk/dataset/observation/test/coding/code","3ce285e3-51c4-461f-b777-1bf6b081218b"
"813","user selected","https://bc.d4k.dk/cdisc/bc_instance/frame_size/test/coding/user_selected","https://crm.d4k.dk/dataset/observation/test/coding/user_selected","b2d1daa3-05db-4bd8-bb68-5cb7f515cad3"
"814","version","https://bc.d4k.dk/cdisc/bc_instance/frame_size/test/coding/version","https://crm.d4k.dk/dataset/observation/test/coding/version","3cd0ba69-a0c4-4029-a5c4-dfadca8ea8ae"
"815","system","https://bc.d4k.dk/cdisc/bc_instance/frame_size/test/coding/system","https://crm.d4k.dk/dataset/observation/test/coding/system","55231ade-fa5b-4ac7-b15f-1b4b78add38b"
"816","display","https://bc.d4k.dk/cdisc/bc_instance/frame_size/test/coding/display","https://crm.d4k.dk/dataset/observation/test/coding/display","702372c6-494a-4a06-8f6a-85b624768ef4"
"817","value","https://bc.d4k.dk/cdisc/bc_instance/frame_size/result/quantity/value","https://crm.d4k.dk/dataset/observation/observation_result/result/quantity/value","35c1c5e9-d886-470a-84d9-a6e0934d4f0b"
"818","code","https://bc.d4k.dk/cdisc/bc_instance/frame_size/result/quantity/code","https://crm.d4k.dk/dataset/observation/observation_result/result/quantity/code","f3a29ce8-b8b6-44eb-82c4-dcaaec2e027e"
"819","unit","https://bc.d4k.dk/cdisc/bc_instance/frame_size/result/quantity/unit","https://crm.d4k.dk/dataset/observation/observation_result/result/quantity/unit","7bb86376-87db-485f-94d3-7e2299fac020"
"820","system","https://bc.d4k.dk/cdisc/bc_instance/frame_size/result/quantity/system","https://crm.d4k.dk/dataset/observation/observation_result/result/quantity/system","8281e1e9-dbc5-465c-9ca8-c86f11520d48"
"821","comparator","https://bc.d4k.dk/cdisc/bc_instance/frame_size/result/quantity/comparator","https://crm.d4k.dk/dataset/observation/observation_result/result/quantity/comparator","80f1a650-2c96-424a-ad87-a68780aef099"
"822","code","https://bc.d4k.dk/cdisc/bc_instance/alkaline_phosphatase_concentration_in_serum/plasma/test/coding/code","https://crm.d4k.dk/dataset/observation/test/coding/code","c7b3c4a7-6b18-4358-9530-9ee488a2219d"
"823","user selected","https://bc.d4k.dk/cdisc/bc_instance/alkaline_phosphatase_concentration_in_serum/plasma/test/coding/user_selected","https://crm.d4k.dk/dataset/observation/test/coding/user_selected","c256bb0b-6db4-46ba-beb4-fb2d47987433"
"824","version","https://bc.d4k.dk/cdisc/bc_instance/alkaline_phosphatase_concentration_in_serum/plasma/test/coding/version","https://crm.d4k.dk/dataset/observation/test/coding/version","6f5dda9f-293a-4609-8ce2-d25ff8abe581"
"825","system","https://bc.d4k.dk/cdisc/bc_instance/alkaline_phosphatase_concentration_in_serum/plasma/test/coding/system","https://crm.d4k.dk/dataset/observation/test/coding/system","f47e23fb-b9d4-4219-84e3-8d3a99f0f42d"
"826","display","https://bc.d4k.dk/cdisc/bc_instance/alkaline_phosphatase_concentration_in_serum/plasma/test/coding/display","https://crm.d4k.dk/dataset/observation/test/coding/display","ce9f52aa-d477-4834-bc19-a7ea7da77bc7"
"827","value","https://bc.d4k.dk/cdisc/bc_instance/alkaline_phosphatase_concentration_in_serum/plasma/result/quantity/value","","fafaa71c-83a5-4940-8421-d93ea00d62af"
"828","code","https://bc.d4k.dk/cdisc/bc_instance/alkaline_phosphatase_concentration_in_serum/plasma/result/quantity/code","","8079c15b-3faa-4b00-adec-d1430934ee62"
"829","unit","https://bc.d4k.dk/cdisc/bc_instance/alkaline_phosphatase_concentration_in_serum/plasma/result/quantity/unit","","cf023b95-e24f-4480-935b-ba3a1a353060"
"830","system","https://bc.d4k.dk/cdisc/bc_instance/alkaline_phosphatase_concentration_in_serum/plasma/result/quantity/system","","48c6d2b5-8dc3-4ec8-b20e-6c330416aa1a"
"831","comparator","https://bc.d4k.dk/cdisc/bc_instance/alkaline_phosphatase_concentration_in_serum/plasma/result/quantity/comparator","","45bf42c0-aa4e-496b-abd1-0952a62f7d31"
"832","code","https://bc.d4k.dk/cdisc/bc_instance/alkaline_phosphatase_concentration_in_serum/plasma/specimen/coding/code","","798f10bb-750c-4c9d-8309-c7b2cc83f0d4"
"833","user selected","https://bc.d4k.dk/cdisc/bc_instance/alkaline_phosphatase_concentration_in_serum/plasma/specimen/coding/user_selected","","4e4985f6-d37f-49ee-a61b-a2e7801fdab8"
"834","version","https://bc.d4k.dk/cdisc/bc_instance/alkaline_phosphatase_concentration_in_serum/plasma/specimen/coding/version","","34a2e32a-6070-4fb1-8b56-c24d637025a9"
"835","system","https://bc.d4k.dk/cdisc/bc_instance/alkaline_phosphatase_concentration_in_serum/plasma/specimen/coding/system","","d9efe88f-7fb9-4d08-87c8-fb299fbbf735"
"836","display","https://bc.d4k.dk/cdisc/bc_instance/alkaline_phosphatase_concentration_in_serum/plasma/specimen/coding/display","","571c87d6-2467-4950-a222-ebc715c32de5"
"837","code","https://bc.d4k.dk/cdisc/bc_instance/potassium_concentration_in_urine/test/coding/code","https://crm.d4k.dk/dataset/observation/test/coding/code","5ecb9c39-bda8-4698-b3aa-19139d5f6c4b"
"838","user selected","https://bc.d4k.dk/cdisc/bc_instance/potassium_concentration_in_urine/test/coding/user_selected","https://crm.d4k.dk/dataset/observation/test/coding/user_selected","3d55fa00-b866-45f8-b413-c539c2f1c6e0"
"839","version","https://bc.d4k.dk/cdisc/bc_instance/potassium_concentration_in_urine/test/coding/version","https://crm.d4k.dk/dataset/observation/test/coding/version","bd17cf74-6ffb-4602-b658-f319bd6cb05e"
"840","system","https://bc.d4k.dk/cdisc/bc_instance/potassium_concentration_in_urine/test/coding/system","https://crm.d4k.dk/dataset/observation/test/coding/system","3de0bd5e-ef65-45a1-aadf-e53f662fdb53"
"841","display","https://bc.d4k.dk/cdisc/bc_instance/potassium_concentration_in_urine/test/coding/display","https://crm.d4k.dk/dataset/observation/test/coding/display","f456dcce-82d4-4726-8d78-19a16e1dbbef"
"842","value","https://bc.d4k.dk/cdisc/bc_instance/potassium_concentration_in_urine/result/quantity/value","","0cc26451-ec5d-4a9f-975c-224d4495a9fc"
"843","code","https://bc.d4k.dk/cdisc/bc_instance/potassium_concentration_in_urine/result/quantity/code","","d21b1bc7-b8a7-4b43-aeb1-82ff086504df"
"844","unit","https://bc.d4k.dk/cdisc/bc_instance/potassium_concentration_in_urine/result/quantity/unit","","fb30eaa5-a438-4783-94e6-04845621b763"
"845","system","https://bc.d4k.dk/cdisc/bc_instance/potassium_concentration_in_urine/result/quantity/system","","fad6f283-69c2-49d7-9fa8-fc24a35af031"
"846","comparator","https://bc.d4k.dk/cdisc/bc_instance/potassium_concentration_in_urine/result/quantity/comparator","","147e0c1f-3695-4f85-823b-b84954e3d9dd"
"847","code","https://bc.d4k.dk/cdisc/bc_instance/potassium_concentration_in_urine/specimen/coding/code","","e5ec2271-aabc-46a9-a94f-a84ee67f2571"
"848","user selected","https://bc.d4k.dk/cdisc/bc_instance/potassium_concentration_in_urine/specimen/coding/user_selected","","999e014c-5bf4-407c-a7d4-9714c349edcf"
"849","version","https://bc.d4k.dk/cdisc/bc_instance/potassium_concentration_in_urine/specimen/coding/version","","853dbf90-1cb9-4c12-ac6c-654aaacb74a4"
"850","system","https://bc.d4k.dk/cdisc/bc_instance/potassium_concentration_in_urine/specimen/coding/system","","9cc905fc-290c-4c20-8b82-42d9b3cf4400"
"851","display","https://bc.d4k.dk/cdisc/bc_instance/potassium_concentration_in_urine/specimen/coding/display","","5662c791-7cc0-4c78-9601-5761c2836106"
